4.442640181172346381,3.000000000000000000,10.000000000000000000,3.002380277308760892,0.599999999999999978,8.000000000000000000,2.500000000000000000,15.000000000000000000,3.424126373708570981,0.400000000000000022,1.089523043847896666,-0.018281730909225292,0.836009946764057044,0.002380277308760908,-0.174591814634394105,1.326909275503026953,-0.000000000000000000,2.775973440303479478,0.787115193864641127,-0.075945039717586524
5.000000000000000000,3.005400791230361079,5.756062900588087672,3.000000000000000000,0.599999999999999978,8.000000000000000000,2.500000000000000000,15.000000000000000000,10.477535760151342359,0.400000000000000022,1.264914503689654302,0.005400791230361164,-2.828132065979034326,-0.000142919364507182,-0.345164652930433913,7.215468306250713226,-0.000000000000000000,17.156728252994906114,7.057598419237847587,-0.575192351184957595
4.576095375730425907,3.000000000000000000,9.999778857018021938,3.000000000000000000,0.728131375815524340,7.447244447213214436,2.500000000000000000,15.000000000000000000,2.500000000000000000,0.400000000000000022,1.611184930259305981,-0.009589209670920489,0.534920140704042479,-0.000019933597290394,0.128131375815524334,0.555417256309630680,-0.000000000000000000,8.922210354695341294,-1.846702083548867224,-0.245970786363344296
3.492648895646620844,3.000000000000000000,5.679664271934851349,3.000000000000000000,0.599999999999999978,8.000000000000000000,2.500000000000000000,9.434562329503688005,2.500000000000000000,0.413538179968049258,-0.499980934030904711,-0.061408817478154271,-4.320335728065148651,-0.001937297816256059,-0.234475582945719102,2.148797291655930142,-0.000000000000000000,-5.565437670496311995,-3.217308600107766647,0.013538179968049235
4.881168122554422339,3.000000000000000000,9.164551591501080452,3.000000000000000000,0.599999999999999978,8.000000000000000000,2.500000000000000000,14.705632078290626907,4.932839967515311841,0.400000000000000022,0.211927891837957738,-0.021532288457504302,-0.495342204211353276,-0.000419351525586611,-0.013526246811621529,0.846007381331269515,-0.000000000000000000,1.748920290916257780,0.169681857886522125,-0.059864901116917627
2.929110072284558886,3.044503591408906917,10.000000000000000000,3.001388172523367981,0.670953704680786078,7.512916077857909158,2.500000000000000000,11.008220601198615896,2.500000000000000000,0.400000000000000022,0.206863895951109100,0.002531279683778651,0.588700727675149249,0.001388172523368069,0.066174374203915337,-0.487083922142090842,-0.000000000000000000,-3.593209276782576289,-1.466879850645138594,-0.047195953526006390
3.774147568451800439,3.000000000000000000,9.449146616777941432,3.000000000000000000,0.599999999999999978,8.000000000000000000,2.500000000000000000,15.000000000000000000,2.500000000000000000,0.400000000000000022,-0.732274758780960933,-0.061696352606156780,2.319614824373637862,-0.000499362321159650,-0.003633306400431066,9.800516015240845036,-0.000000000000000000,14.002286105931300852,-13.508426015654489305,-0.704333263604895343
2.791049360645289301,3.000000000000000000,10.000000000000000000,3.000000000000000000,0.599999999999999978,7.813508755749074552,2.500000000000000000,2.500000000000000000,3.340395160107624051,1.000000000000000000,-2.208950639354710699,-0.041792627000786425,4.314317025072909928,-0.003172002873930832,-0.241767825154912019,-0.186491244250925892,-0.000000000000000000,-21.253851944339682944,0.840395160107624273,0.666912108664908576
4.667647260115780128,3.000000000000000000,8.212020770709051121,3.000000000000000000,0.687794873258581019,8.000000000000000000,2.500000000000000000,5.858023917193280639,3.381380453834877287,0.400000000000000022,-0.332352739884220316,-0.005121110376984815,1.870599491149069982,-0.000313877966583659,0.087794873258581041,4.722080811708441850,-0.000000000000000000,-9.141976082806719361,0.881380453834877287,-0.044265910215867697
3.795768204968330117,3.010335181817700434,10.000000000000000000,3.000000000000000000,0.599999999999999978,8.000000000000000000,2.500000000000000000,10.686498310892361019,3.025591640014705597,0.400000000000000022,-0.637924187543146282,0.004244169851897185,0.332732546864864420,-0.000185373703806928,-0.022895265224310454,0.308752720559512306,-0.000000000000000000,2.399049280687700847,0.525591640014705486,-0.196221921585519321
2.997665062362027122,3.000000000000000000,10.000000000000000000,3.000000000000000000,0.676301988369687579,7.068738113420633518,2.500000000000000000,14.116211316302241130,2.500000000000000000,0.510966139294155464,-0.223505305106715346,-0.000331326379380446,5.346177984567192176,-0.000148329563727916,0.052729049116370913,2.045305214668504235,-0.000000000000000000,1.676148096904169771,-0.297673812259868664,0.110966139294155455
4.062751418987424756,3.000000000000000000,9.683491462243718928,3.000000000000000000,0.624381732642313891,7.700687923882084895,2.500000000000000000,3.546774929406191657,2.786173122438603933,0.400000000000000022,1.386787450525906795,-0.002566955688235835,-0.316508537756280461,-0.003065531897440663,-0.000036730390469356,0.302416247570423180,-0.000000000000000000,-2.692694544002926182,0.200742572561902366,-0.278199458156232982
3.598899172163149807,3.000000000000000000,9.986979867456053483,3.004290751577928020,0.638088502154074200,8.000000000000000000,2.500000000000000000,9.690546333494502562,4.092789477805686360,0.400000000000000022,-0.297304190714014482,-0.199356045311686964,2.481663973308775528,0.004290751577928201,-0.014334491222582277,1.761446998859389490,-0.000000000000000000,-5.309453666505497438,0.942888888072806686,-0.621420190762553282
5.000000000000000000,3.000000000000000000,10.000000000000000000,3.000000000000000000,0.671937375024412531,8.000000000000000000,2.500000000000000000,3.720758797487002667,2.500000000000000000,0.400000000000000022,0.098330553103531670,-0.000191395275191058,0.904349513797205629,-0.000103424119246456,-0.017939514779424771,1.279272053051115465,-0.000000000000000000,-8.655416602298556583,-5.484182744446064461,-0.023380622234577066
4.189569322922350736,3.000000000000000000,10.000000000000000000,3.000000000000000000,0.612470031038839680,7.287123034099251662,2.500000000000000000,2.500000000000000000,2.500000000000000000,0.428661886819276639,0.004508201574048368,-0.105294037314751038,0.876139353237040952,-0.000157164013787996,0.012470031038839750,-0.563482163724242424,-0.000000000000000000,-0.651434916556618226,-7.239267561280714247,-0.078305431474823245
3.449110502318793348,3.000000000000000000,8.686715172246445960,3.000000000000000000,0.622448992624093922,3.533396222178405210,2.500000000000000000,8.551439720587554305,2.539143467420657441,0.830880722886412570,-1.300319919067848051,-0.001386047289720337,-1.313284827753554040,-0.001491116688990388,-0.000660012067359710,-4.140820882096424072,-0.000000000000000000,6.051439720587554305,-1.419537075748438681,0.430880722886412548
4.514115380884258677,3.189872253898284438,10.000000000000000000,3.000000000000000000,0.599999999999999978,8.000000000000000000,2.500000000000000000,3.139112455613121355,5.618369190506181887,0.400000000000000022,-0.485884619115741101,0.168054704327235904,6.732277620013347175,-0.000803965986540329,-0.261066303155358725,3.437587756161833319,-0.000000000000000000,-10.716867316225055617,1.830985556091730970,-0.031648386495347604
4.984427948043174794,3.007916019114937445,9.184800093619926997,3.000000000000000000,0.683123572726166750,4.311880542553337747,2.500000000000000000,8.964769329243290841,2.974116719033879974,0.715278575818470763,1.141583257509013904,0.007916019114937254,1.048822626807718983,-0.000184636244747814,0.063299077005465568,0.511682569761416683,-0.000000000000000000,3.086732409804639587,-2.315207823720759173,-0.081355608619759490
4.002994254638791105,3.000000000000000000,10.000000000000000000,3.000646873144812155,0.803180995218784055,8.000000000000000000,2.500000000000000000,15.000000000000000000,2.500000000000000000,0.400000000000000022,-0.997005745361209339,-0.051744934904814771,0.638032571678894489,0.000646873144812064,0.117922373509149137,1.142078368247631204,-0.000000000000000000,0.182718650357623025,-6.286893899056586577,-0.158775183973822093
3.700381185480283275,3.000000000000000000,10.000000000000000000,3.000042258648735860,0.599999999999999978,8.000000000000000000,2.500000000000000000,6.318756695550817426,2.500000000000000000,0.437721234733289943,-0.537971862929201183,-0.016001256373548142,1.887012151152916761,0.000042258648735989,-0.018483573506785742,0.728215934596847747,-0.000000000000000000,-5.929936150553807295,-1.469282066682684906,0.037721234733289900
2.929386500055446874,3.000000000000000000,10.000000000000000000,3.000340499970735930,0.599999999999999978,6.380079141445268220,2.500000000000000000,15.000000000000000000,4.261129523359958426,0.551350900526490384,-0.450212275711492527,-0.055448247607916709,1.886934454449076481,-0.000915583800713840,-0.099833689932539382,4.380079141445268220,-0.000000000000000000,14.518871117029652495,-4.821784275835613087,-0.326189864858207668
3.816680128999040633,3.000000000000000000,6.131776713356227759,3.000077778031025932,0.708616729071013696,8.000000000000000000,2.500000000000000000,7.972127595962840374,2.510121823553145060,0.400000000000000022,0.856230854683770692,-0.031567739131624029,-2.151046859851632576,-0.000177717966296428,-0.062804374053735401,3.227630912246223449,-0.000000000000000000,5.472127595962840374,-0.447825115834670662,-0.040186605107209172
4.263371927908661263,3.000000000000000000,9.293570466264865715,3.000000000000000000,0.671550500379145432,3.803686747850649752,2.500000000000000000,8.093516232614152983,2.500000000000000000,0.637816194226683453,-0.736628072091338737,-0.023421728866576806,-0.627513127432629214,-0.000811442904515760,0.071550500379145454,-3.604355128809634934,-0.000000000000000000,5.593516232614152983,-0.153855084732123948,-0.000604737530981808
4.127478357408755016,3.088897880770289373,9.326708888471971548,3.000000000000000000,0.717131835281619834,8.000000000000000000,2.500000000000000000,10.904347579644115385,3.641337762851785786,0.400000000000000022,0.467173589678958556,0.087332494780033978,-0.673291111528028230,-0.000024971745063248,0.117131835281619828,0.373781010156259752,-0.000000000000000000,-4.095652420355884615,1.091286947982427868,-0.039312830392900677
5.000000000000000000,3.000000000000000000,6.802549020614190312,3.000000000000000000,0.599999999999999978,8.000000000000000000,2.500000000000000000,15.000000000000000000,2.500000000000000000,0.400000000000000022,1.205892488287707121,-0.235698419820755178,-2.244967942952820650,-0.003742291008210644,-0.100732110493058247,2.605029559699785668,-0.000000000000000000,26.347491573875647219,-2.611492869015072493,-0.010554280009605782
3.361588399224678447,3.000000000000000000,3.000000000000000000,3.000000000000000000,0.676113256899172121,2.929725237254854786,2.500000000000000000,2.500000000000000000,2.500000000000000000,1.000000000000000000,-0.389403515820436696,-0.053164395627059033,-8.288495348002927088,-0.001020048240564139,0.057798033645724708,-1.675366656169062995,-0.000000000000000000,-11.549383733178562039,-2.191445321593949558,0.690312024668824575
5.000000000000000000,3.000000000000000000,10.000000000000000000,3.000000000000000000,0.599999999999999978,8.000000000000000000,2.500000000000000000,6.741220615763534596,12.189557080861703753,0.400000000000000022,2.832123031126967838,-0.000732527076787000,0.679045283886101303,-0.000444844756694694,-0.030379347723254464,1.403961118870780567,-0.000000000000000000,-8.258779384236465404,9.680561454340653071,-0.460215344115109004
2.974836199806557335,3.000000000000000000,8.701734094601384584,3.001576333262820473,0.599999999999999978,7.846090392419762694,2.500000000000000000,2.500000000000000000,5.033347184868110169,0.400000000000000022,-1.656134707078929846,-0.016245274070667070,-1.298265905398615416,0.001576333262820408,-0.028617505765655752,0.601895965543195577,-0.000000000000000000,-13.182902143368751879,2.524151707196399919,-0.399642973019032344
3.769317282852437501,3.000327393102822704,10.000000000000000000,3.019918149351411341,0.734241415589201751,3.012695137291849345,2.500000000000000000,2.500000000000000000,2.500000000000000000,0.683367929162532972,1.694666320547168370,0.000327393102822591,2.243176945263727351,-0.041232464827652394,0.134241415589201801,1.012695137291849345,-0.000000000000000000,-14.271916861232075036,-4.167587909068878993,-0.316632070837466972
4.345309937195633410,3.033919595516223033,5.789178545659302344,3.000000000000000000,0.599999999999999978,8.000000000000000000,2.500000000000000000,15.000000000000000000,2.500000000000000000,0.441619348325221983,1.222530110994452190,0.033919595516222915,-0.645282445241905256,-0.002609584301109146,-0.001959267116964425,7.277040263516479257,-0.000000000000000000,12.313042816141662072,-7.895181315635626973,-0.558380651674778017
2.977215949949331808,3.000000000000000000,10.000000000000000000,3.000000000000000000,0.674146487038733033,8.000000000000000000,2.500000000000000000,15.000000000000000000,2.500000000000000000,0.400000000000000022,-0.860006709819619575,-0.000768652585469714,3.786201161037030083,-0.000843139686984910,0.061121132303872561,2.803906713017247920,-0.000000000000001147,22.408837815400254101,-3.192215757960100042,-0.271368254783063034
4.704812788900058607,3.000000000000000000,9.438998318274666843,3.000000000000000000,0.599999999999999978,8.000000000000000000,2.500000000000000000,15.000000000000000000,2.972336775243208162,0.442498785622516100,0.085969105280192859,-0.000525766348951656,-0.561001681725333157,-0.000641584851764288,-0.256219416847651593,1.087589824023936114,-0.000000000000000000,3.745965898678362827,-1.170124867635215171,-0.051519698726799040
3.373888749226605199,3.000000000000000000,8.782419347923632102,3.001417484103294342,0.607909654378487541,4.765792485064428874,2.500000000000000000,2.931002332330670868,5.146607608549333079,0.400000000000000022,-0.426933428287511574,-0.000837525991529756,-0.084035106539161353,0.001417484103294220,0.007909654378487611,-0.052696115631752694,-0.000000000000000000,0.431002332330670868,-1.499639975193824970,-0.006795656327501431
3.916812544944619834,3.203613828442391842,10.000000000000000000,3.000000000000000000,0.599999999999999978,2.626365862785853267,2.500000000000000000,15.000000000000000000,2.500000000000000000,0.400000000000000022,-0.322270841060028956,0.199019610920372736,2.300769838512226162,-0.001241933773547813,-0.031981982268996602,-5.373634137214146733,-0.000000000000000000,8.168432565797330014,-2.098048798112961855,-0.588990649172500880
3.771145589396938558,3.035166176378554681,10.000000000000000000,3.000000000000000000,0.674315141646857796,8.000000000000000000,2.500000000000000000,12.721455843420031329,3.410826955602179744,0.767828604218169453,-0.648687095187455598,0.035166176378554639,0.354757510100494167,-0.000745314468052517,0.074315141646857791,1.556823228919365087,-0.000000000000000000,-2.278544156579969560,0.910826955602179522,0.367828604218169430
2.579671342955078828,3.000000000000000000,3.000000000000000000,3.000000000000000000,0.599999999999999978,8.000000000000000000,2.500000000000000000,15.000000000000000000,2.552984467114716605,0.831767483866173607,-2.298456428993665313,-0.012337332936799752,-7.234830588802823925,-0.000291437497693424,-0.155472146656788046,0.497169946911376393,-0.000000000000000000,10.749338296647882984,0.052984467114716549,0.335440159815530659
4.284081523843715544,3.000000000000000000,9.998524247963313627,3.002457272330259830,0.599999999999999978,8.000000000000000000,2.500000000000000000,15.000000000000000000,2.676932954252595032,0.400000000000000022,0.642031750849315519,-0.009585545392184851,-0.001475752036686262,0.000604594097044808,-0.055092624880489577,3.535666461266415261,-0.000000000000000000,3.287315025630064280,-0.612524118803184692,-0.457368456221198816
4.163311980949942814,3.035494113434506147,10.000000000000000000,3.000000000000000000,0.599999999999999978,8.000000000000000000,2.500000000000000000,2.500000000000000000,2.500000000000000000,0.400000000000000022,0.388790259477070688,0.035494113434506203,6.514003268756519915,-0.013927791767589685,-0.300364752819658909,5.935956599123208832,-0.000000000000000000,-17.596043838491315370,-2.139286838010296510,-0.329169513111035261
3.047108553662007946,3.000000000000000000,10.000000000000000000,3.000000000000000000,0.606268388353067511,8.000000000000000000,2.500000000000000000,15.000000000000000000,3.965162744528862859,0.411253521802796895,-1.952891446337992054,-0.029985771563772572,1.091435914099887494,-0.000513376253919845,-0.025003484920392394,0.962376439070050549,-0.000000000000000000,4.479102483799320744,0.961267326364339425,-0.001168798762995724
4.166961489846798372,3.048594744943059265,9.054244893771542735,3.000000000000000000,0.599999999999999978,7.738228913055634095,2.500000000000000000,15.000000000000000000,2.500000000000000000,0.400000000000000022,0.667251198087050912,-0.038081595744644044,0.391776900111712734,-0.000588922544368849,-0.076631691389465545,-0.261771086944366127,-0.001118421747313582,0.975304943299210692,-0.796612520360880261,-0.027808740353843509
4.298025662170295469,3.000000000000000000,10.000000000000000000,3.000000000000000000,0.599999999999999978,4.357861133389673292,2.500000000000000000,2.746102375145244245,5.720836722516077444,0.718729992523104655,0.671600958820855021,-0.017303393063140712,0.220132564559072097,-0.000003857574580948,-0.004138538295088071,-0.220177210272106239,-0.000000000000000000,0.246102375145244023,0.658256508276593433,0.009334629567556041
2.755832655890791294,3.000000000000000000,10.000000000000000000,3.000000000000000000,0.599999999999999978,8.000000000000000000,2.500000000000000000,4.785523830845979987,3.074203939665043350,0.400000000000000022,-1.921648357136670038,-0.358311888713422511,0.882837174621000753,-0.000027690657590068,-0.566081202054005583,1.277698501856262103,-0.000000000000000000,-2.149213845891048358,0.574203939665043128,-0.010530061279066333
4.949292924903409663,3.000000000000000000,8.491796253056076438,3.000009051653963699,0.738909283931197258,7.760876966503298391,2.500000000000000000,2.500000000000000000,2.500000000000000000,0.417502377619553611,-0.050707075096590476,-0.131442315934622328,-1.508203746943924006,0.000009051653963686,0.133063505270290094,2.228705545427900780,-0.000000000000000000,-7.821982124316672724,-1.138218295474373143,-0.163127932464148862
4.250161255283988915,3.000000000000000000,7.409874020728491217,3.000043570520532832,0.599999999999999978,8.000000000000000000,2.500000000000000000,6.908114131898893007,2.500000000000000000,0.400000000000000022,0.250101329367021286,-0.045758379501959670,-1.267728647025663014,-0.000123283959403995,-0.031375755716141672,1.675800964224404499,-0.000000000000000000,-3.705974500903362223,-0.508507327225234174,-0.092116819142601586
4.135577909807842900,3.000000000000000000,10.000000000000000000,3.009026665500953435,0.654890294315175536,2.000000000000000000,2.500000000000000000,12.349054560034772976,2.500000000000000000,0.674020169793196122,1.015406073538545728,-0.015155791010849965,4.471692126339036122,-0.001075836956676002,0.011054995017864557,-1.974592778544285832,-0.000000000000000000,1.754555261716383097,-4.645124136841439544,0.274020169793196100
4.155929103097938615,3.002496157249088249,8.112425410857452945,3.000000000000000000,0.615020485866674904,8.000000000000000000,2.500000000000000000,4.955796372078026479,3.364737049727796414,0.400000000000000022,0.071695798406454903,0.002496157249088038,2.795322596224862899,-0.000083472251998785,-0.041959059992073389,2.575198978566981101,-0.000000000000000000,-5.872086983182505548,0.621877351233440567,-0.397979732248139373
4.336814043768840499,3.000000000000000000,7.964343637060061099,3.004175592515290205,0.599999999999999978,8.000000000000000000,2.500000000000000000,11.816635526357355701,2.500000000000000000,0.753212427331530376,0.965711844921611329,-0.201121384499098416,-1.005529234245322368,0.004175592515290279,-0.116139484399323631,2.378263773390854929,-0.000000000000000000,2.021522916092676869,-0.440438666560018288,0.280490996852518937
5.000000000000000000,3.046753709313211989,9.937080784374025200,3.000000000000000000,0.599999999999999978,8.000000000000000000,2.500000000000000000,11.733620808652000633,3.358744130452977039,0.400000000000000022,0.438692058106725624,0.010341865044034382,-0.062919215625974967,-0.000044143316686897,-0.011234442407044449,1.568517257589095548,-0.000000000000000000,-0.366861397400066014,0.130911457828449374,-0.030775576889023434
3.898920487351714037,3.000000000000000000,10.000000000000000000,3.000023174132763426,0.625934576297554224,8.000000000000000000,2.500000000000000000,11.012409096085296056,2.500000000000000000,0.400000000000000022,0.024478722564928251,-0.020087671632168336,1.432362206953462502,0.000023174132763551,0.025934576297554211,0.576931497714667119,-0.000000000000000000,6.801288925151812492,-1.644855877761211005,-0.317669878411229789
3.910459009805661079,3.000000000000000000,10.000000000000000000,3.044897627912276583,0.662708627437840092,2.000000000000000000,2.500000000000000000,2.500000000000000000,2.500000000000000000,0.626972844655552253,0.302583630096431244,-0.032569812643495309,8.508994810998283143,0.042482350183905143,-0.004971446884611846,-0.015564209082205238,-0.000000000000000000,-11.296886088781278090,-16.136556437796777175,-0.373027155344447747
4.102947493022819359,3.000000000000000000,6.569228827185396469,3.000000000000000000,0.664663991200983406,3.194510517478514888,2.500000000000000000,2.500000000000000000,8.988085706487588311,0.603873271078173679,0.304113257055222630,-0.028485670519159616,-2.208620552392646985,-0.000098268899285291,-0.026116605865112351,-0.547014039248962636,-0.000000000000000000,-3.711835953703081614,2.212353279238651549,0.203873271078173685
4.228924349048365450,3.000000000000000000,10.000000000000000000,3.000000000000000000,0.599999999999999978,6.115193643146637825,2.500000000000000000,15.000000000000000000,2.500000000000000000,0.400000000000000022,1.948647151278229961,-0.030283209058889003,0.900293070292968123,-0.000857881730432548,-0.091158163880207699,-1.884806356853362397,-0.000000000000000000,8.060459127665927426,-0.266309659446144931,-0.311827996992891598
3.931152140523753058,3.006443341101270761,7.190476372573423092,3.006043614068244274,0.717964508849196603,5.727630315804317362,2.500000000000000000,15.000000000000000000,2.500000000000000000,0.409225890073678322,-0.214219409323983201,-0.012591239067488161,-2.809523627426576908,0.006043614068244360,0.117964508849196598,-2.112518853039093703,-0.000000000000000000,4.759303890189356068,-0.702124462382175851,-0.068132465329017289
5.000000000000000000,3.000000000000000000,10.000000000000000000,3.000000000000000000,0.676321292014221420,8.000000000000000000,2.500000000000000000,5.349926926608407740,4.460184976647304289,0.400000000000000022,1.469094753068472370,-0.002756342270751031,0.081247850479215969,-0.006447581189181343,0.076321292014221415,1.002416820332635572,-0.000000000000000000,-8.292247075508775822,1.960184976647304067,-0.698922927407584993
2.945867709340054041,3.000000000000000000,10.000000000000000000,3.011801026592419550,0.599999999999999978,4.271750671891223483,2.500000000000000000,7.833657439380601772,2.500000000000000000,0.400000000000000022,-2.054132290659945959,-0.124880581993288553,3.122719186341477382,0.011801026592419743,-0.249584480395612957,-3.728249328108776517,-0.000000000000000000,-6.925938679571803647,-11.389988336381321687,-0.376830693170350728
3.628562660007570884,3.000000000000000000,10.000000000000000000,3.000000000000000000,0.599999999999999978,4.949758349647721545,2.600112169568799203,7.781593232991419029,3.261071170168132305,0.872857631272107914,-0.517027911095020443,-0.042347666760688303,2.631402295293304938,-0.000067433678108761,-0.052801398951997217,-3.050241650352278899,0.100112169568799259,0.007351291422274642,-0.060221828663232446,0.472857631272107948
5.000000000000000000,3.054382634280386366,9.359581305335328949,3.000000000000000000,0.643031418005919897,8.000000000000000000,2.500000000000000000,15.000000000000000000,4.092994618072600232,0.400000000000000022,0.221334504473004845,-0.011845202285036792,-0.640418694664671051,-0.000081936035144382,0.043031418005919871,4.059855446163735060,-0.000000000000000000,10.209233169263370655,1.592994618072600677,-0.035399740930736369
5.000000000000000000,3.000000000000000000,10.000000000000000000,3.000000000000000000,0.905283302776691778,8.000000000000000000,2.500000000000000000,2.500000000000000000,2.570480826137461428,0.508141996242945093,1.739155212622446101,-0.104313548864152839,1.358864409920880201,-0.002315838952634833,0.305283302776691801,3.861848544117435278,-0.000000005501351467,-18.836080503147162091,0.070480826137461428,0.108141996242945071
3.962949132323702717,3.069703397677092216,10.000000000000000000,3.000000000000000000,0.663185377576013702,8.000000000000000000,2.500000000000000000,15.000000000000000000,2.500000000000000000,0.400000000000000022,-0.247101734274465579,0.068678636579920238,2.109906814812057441,-0.000349886547481127,0.063185377576013710,5.334350059870683225,-0.000000000000000000,12.598264948372122518,-5.376158175308351161,-0.247673368806766991
3.554776298414752844,3.000000000000000000,10.000000000000000000,3.000000000000000000,0.777467571195841867,8.000000000000000000,2.500000000000000000,12.367543311026139463,12.217739032008569922,0.400000000000000022,-0.461088596273068640,-0.021349932232289141,4.171307512092541359,-0.000889175029562607,0.174747732711903914,2.042599410195507392,-0.000000000000000000,8.720404732250321089,2.396227008608142750,-0.886058245752346041
4.322369956228464538,3.000000000000000000,7.349496349351507973,3.000000000000000000,0.683118448923486166,5.947750489405125407,2.500000000000000000,2.500000000000000000,3.671226480423272598,0.762806582216659201,0.897825139780793480,-0.004983154468677557,-2.650503650648491583,-0.000229343548125472,0.083118448923486146,-2.052249510594874149,-0.000000000000000000,-20.221681086677325112,1.171226480423272598,0.241265987565621065
3.003079269722905842,3.005552156469534886,8.356275589928785053,3.000000000000000000,0.599999999999999978,8.000000000000000000,2.500000000000000000,2.500000000000000000,13.833908738547451733,0.400000000000000022,-0.291702598728692086,0.005552156469535082,0.258792550703420998,-0.000096174942292003,-0.000305525494474927,0.250930154664298855,-0.000000000000000000,-3.219072706770394809,-1.086928221240247794,-0.011404025437125431
3.014198971879771261,3.015080005599325652,9.708664432363196539,3.000000000000000000,0.708715800582494393,8.000000000000000000,2.500000000000000000,11.429795917672667116,2.500000000000000000,0.476969950975905888,-0.601400263727493667,0.015080005599325543,0.295026833905270014,-0.000022777057849520,0.056490658802122076,0.059204552412971602,-0.000000000000000000,-1.155942797445928205,-0.628296015906552929,-0.003569164976535685
5.000000000000000000,3.000000000000000000,8.058682786349598004,3.000000000000000000,0.599999999999999978,8.000000000000000000,2.500000000000000000,2.500000000000000000,8.279368916306285797,0.400000000000000022,0.813750225318625509,-0.019866243794188009,-0.529127608853508846,-0.001029288237171590,-0.041825332735189985,0.564292593496161565,-0.000000000000000000,-14.999659115764401918,5.652370553247592078,-0.049029468600836720
5.000000000000000000,3.000000000000000000,10.000000000000000000,3.000000000000000000,0.696656749146880694,8.000000000000000000,2.500000000000000000,15.000000000000000000,2.500000000000000000,0.400000000000000022,4.405324885494205311,-0.014036297654353581,2.047146039038209242,-0.005371594632895453,0.040079173059857948,9.838106345669409336,-0.009198242256944636,4.715471612865694162,-9.069838668027360384,-1.017698839902030583
2.455342543339405381,3.135819566013882120,10.000000000000000000,3.000000000000000000,0.679851902288910681,8.000000000000000000,2.500000000000000000,15.000000000000000000,2.564733791356339054,0.400000000000000022,-2.215003799827766073,0.135819566013882065,2.941683017077060924,-0.007402799253765531,0.003116634855655220,0.008986416987968870,-0.000000000000000000,1.218445863328307954,-0.755869058593767074,-0.489415323107262101
2.618117571657599285,3.000396958780893186,10.000000000000000000,3.000000000000000000,0.599999999999999978,8.000000000000000000,2.500000000000000000,15.000000000000000000,2.500000000000000000,0.400000000000000022,-2.329119717925313360,-0.001907634656974458,0.159479653662780441,-0.000537989992041832,-0.076266297587647566,0.780753728110940126,-0.000000000000000000,17.862686727353967342,-8.155886124883924282,-0.132429537282510446
4.317393395068328310,3.000000000000000000,9.916335009136563627,3.000000000000000000,0.599999999999999978,6.670723655226713511,2.500000000000000000,6.930151344428768567,2.702899059503240053,0.400000000000000022,0.058415665818597487,-0.007518443210061966,-0.083664990863437150,-0.003702184019879937,-0.054573359858452561,0.539645898665863100,-0.000000000000000000,3.276113914880493638,-0.119745740473646944,-0.459818516545407951
3.213062476010497992,3.000000000000000000,7.055462375408636966,3.000000000000000000,0.599999999999999978,6.866452516902763037,2.500000000000000000,11.905877393819812582,2.979054016821085504,1.000000000000000000,-0.271174055422068960,-0.004100574976966045,-0.350128004512737845,-0.000673337807898510,-0.027863482063908845,0.159179748224088424,-0.000000000000000000,-1.757398776873203561,0.479054016821085671,0.128164160624856416
3.144937689370429279,3.000000000000000000,8.978498363602000154,3.000573141971724755,0.599999999999999978,3.826928164041293101,2.500000000000000000,15.000000000000000000,7.062962033098505898,0.690973003407048036,-1.135734836533613734,-0.084740162970181748,4.217656532431753647,0.000573141971724976,-0.117130843133269796,-1.761482775165299053,-0.000000000000000000,18.525845315078299791,-1.153233366717643094,-0.037988232114374521
3.211201946287977282,3.000000000000000000,10.000000000000000000,3.000000000000000000,0.613677647309971874,8.000000000000000000,2.500000000000000000,7.060118186719050115,3.946286203305449103,0.400000000000000022,-1.788798053712022718,-0.167547390134326762,0.343437309916897526,-0.000459933353017862,0.013677647309971883,0.077900284051494836,-0.000000000000000000,-7.939881813280949885,1.446286203305449103,-0.005508811772114312
4.273026374585262133,3.000000000000000000,10.000000000000000000,3.000000000000000000,0.599999999999999978,8.000000000000000000,2.500000000000000000,9.068633088892195104,2.500000000000000000,0.400000000000000022,-0.551055173048300762,-0.027143797663323754,2.881031272693215683,-0.000036893925102125,-0.095570121609104330,3.039613017241867610,-0.363599220752715002,2.626866120005041161,-0.902950984793889022,-0.159538924122515607
4.501663805918760808,3.000000000000000000,10.000000000000000000,3.000000000000000000,0.599999999999999978,8.000000000000000000,2.500000000000000000,13.868928372950772854,2.500000000000000000,0.400000000000000022,-0.498336194081239414,-0.076271406460514043,0.331313057372229103,-0.000319263925471742,-0.073190962333824799,1.103492402682265228,-0.000000000000000000,-1.131071627049226258,-2.190223621887319005,-0.129096746785771932
3.389085109853817279,3.000000000000000000,6.696037362583221686,3.000000000000000000,0.599999999999999978,2.694707286909213018,2.500000000000000000,4.819403712384347394,10.240119325021767693,1.000000000000000000,-0.530376259639409708,-0.033326084835334842,-0.739075255045830160,-0.000232327577558604,-0.017848064256914407,-1.127577672701251865,-0.000000000000062178,-3.107118651820937494,1.158607815134961694,0.106567928875472770
4.762156310567359441,3.000000000000000000,10.000000000000000000,3.000000000000000000,0.599999999999999978,8.000000000000000000,2.500000000000000000,10.926927044742143380,2.500000000000000000,0.400000000000000022,1.144385394788826726,-0.032738000250119470,6.929025375812574161,-0.021523024096633869,-0.364888121848615909,13.509285804347287652,-0.000000000000000000,1.431168056742232686,-0.172643402156921755,-0.107235374444615866
4.194042592501698863,3.000000000000000000,10.000000000000000000,3.000000000000000000,0.705390888667692506,8.000000000000000000,2.500000000000000000,2.500000000000000000,2.500000000000000000,0.400000000000000022,1.645073174988680442,-0.161410680521081457,0.339435081216366008,-0.000640656449493567,0.088316410477998944,3.790373723166824860,-0.000000000040959471,-13.418761166153327480,-0.226768064037371930,-0.448757125386474554
5.000000000000000000,3.000000000000000000,10.000000000000000000,3.000000000000000000,0.658131474154690643,8.000000000000000000,2.500000000000000000,11.245969438561461473,2.500000000000000000,0.400000000000000022,0.267445857139143039,-0.048380863300841445,3.703226068293785200,-0.000026551851744480,0.058131474154690652,2.295540377282191180,-0.000000000000000000,1.893665445969984873,-5.973370509982010468,-0.117477157934945967
3.224526103922221942,3.000000000000000000,7.281034922696806078,3.000000000000000000,0.657320948549911854,8.000000000000000000,2.500000000000000000,11.233195485099585653,2.500000000000000000,0.400000000000000022,-1.009442371495452351,-0.001313051434845061,-2.718965077303193478,-0.000400845366774781,0.057320948549911925,0.178291358692665713,-0.000000000000000000,-3.766804514900414347,-1.999323515060465795,-0.052691369787761330
5.000000000000000000,3.000000000000000000,10.000000000000000000,3.000000000000000000,0.725284476610315698,8.000000000000000000,2.500000000000000000,15.000000000000000000,2.500000000000000000,0.400000000000000022,2.052921342254542036,-0.000802753081190961,2.641009551799279098,-0.000263817318779113,0.125284476610315693,0.200137595384354272,-0.000000000000000000,11.050562610008997311,-6.863928014730118932,-0.670305774180652736
3.737386057115290594,3.000000000000000000,9.611013900735347448,3.000000000000000000,0.599999999999999978,6.220992826808872778,2.500000000000000000,9.462030526321228763,2.500000000000000000,0.597042507186303251,0.457041604916407163,-0.015793347992278415,0.061320411174252409,-0.000597888514593862,-0.011052507587940141,-1.348968473257633249,-0.000000000000000000,-5.537969473678770349,-0.448485631434214715,0.197042507186303228
3.444488480976977129,3.000000000000000000,8.965034454847266687,3.000000000000000000,0.599999999999999978,3.999688784727074342,2.500000000000000000,3.941013886860719850,4.369079307263954881,0.400000000000000022,-0.094310037771413641,-0.000538172058102758,-1.034965545152732869,-0.000011417372313458,-0.121789422133821656,-3.748037820725728331,-0.000000000000000000,-8.039380117092193245,1.869079307263954881,-0.462470707136961867
3.440339282522157038,3.057394295329572298,9.584574979154812269,3.000000000000000000,0.705905089467607327,8.000000000000000000,2.500000000000000000,9.783898405644389840,3.043660726929542815,0.400000000000000022,-1.559660717477842962,0.057394295329572118,-0.374421811528958592,-0.000115095775807112,0.105905089467607363,0.310867497129222958,-0.000000000000000000,-4.506082133201631201,0.240724709568786971,-0.032558168706478957
4.118483340472179677,3.000000000000000000,7.589639696777872757,3.000184738940362639,0.599999999999999978,7.822891252249526417,2.500000000000000000,12.795119200854610853,4.669554114978502035,0.400886215828670289,-0.156013075025945025,-0.011189432134981267,-2.410360303222127243,0.000184738940362586,-0.166021593045081711,-0.177108747750473527,-0.000000000000000000,9.125498158079398792,1.013567651800966862,0.000886215828670267
4.309630120597342184,3.000000000000000000,8.330831020066037595,3.000120368587736674,0.637151794032073338,8.000000000000000000,2.500000000000000000,15.000000000000000000,9.682456067566199920,0.400000000000000022,0.892430170045377169,-0.074173476427829774,-1.428858605846625052,0.000120368587736509,-0.014175529316172244,4.427496176698056729,-0.000000000000000000,13.942787343330685701,7.182456067566199920,-1.013630376304534897
3.749929372087088986,3.007128133088557309,10.000000000000000000,3.000000000000000000,0.599999999999999978,6.028717819435517100,2.500000000000000000,11.774578750539365757,4.185839182497778310,0.433366251244495404,0.302485289753979147,0.006064647721227768,0.248091586738507397,-0.000734982947980969,-0.130448143175674824,-1.724579790145932545,-0.000000000000000000,-3.225421249460634243,1.685839182497778310,0.033366251244495396
3.501931146097077452,3.000000000000000000,10.000000000000000000,3.000036340345662467,0.599999999999999978,8.000000000000000000,2.500000000000000000,2.500000000000000000,5.737752317003863567,0.400000000000000022,-0.532211841420440868,-0.001444016329311603,1.434561092476048350,0.000036340345662553,-0.100055851761977704,0.330572882147552982,-0.000000000000000000,-16.140560323165857426,3.237752317003863123,-0.261682761819508614
5.000000000000000000,3.000000000000000000,10.000000000000000000,3.000064800486978989,0.900250241040736365,3.868612205285549610,2.500000000000000000,2.500000000000000000,8.887289803399916366,0.615513989024342179,1.484622200133272507,-0.000641862143450201,4.829763325056426027,0.000064800486978832,0.254374626923219993,-2.306842702215952112,-0.000000000000000000,-30.215432785282260397,5.913660449206797232,0.215513989024342101
3.389213550511731565,3.000000000000000000,10.000000000000000000,3.000000000000000000,0.599999999999999978,8.000000000000000000,2.500000000000000000,11.232310678167518603,2.500000000000000000,0.400000000000000022,-0.767522923266848789,-0.003897208195363332,0.213789483039576511,-0.001718925031814936,-0.072521208941963580,0.011958285121674721,-0.000000000000000000,-3.767689321832482285,-0.853146708779137120,-0.147603912806839904
3.278709494230989563,3.016017664718147362,7.077562338640262851,3.000000000000000000,0.732957649292879321,7.428206896067365506,2.500000000000000000,8.420096921197185225,5.297223760087304001,0.690141900640556472,0.320011719006274342,-0.010517969126040035,-2.165538754861522364,-0.000050553902918121,0.118036898814704083,-0.193424472573536510,-0.000000000000000000,-6.068965359018164030,2.797223760087303557,-0.037041519560985336
4.020393740583139142,3.000000000000000000,10.000000000000000000,3.000233928617904056,0.599999999999999978,5.516520138540833784,2.500000000000000000,6.146030346930709598,5.729284002455761637,0.400000000000000022,-0.234920152113584468,-0.029432458100622290,1.310208886758334357,0.000233928617903938,-0.062191143515648688,-2.483479861459166660,-0.000000000000000000,-6.032520147961902168,3.229284002455761193,-0.558198197102133697
3.019610079042824857,3.000000000000000000,10.000000000000000000,3.000000000000000000,0.622025761683999034,8.000000000000000000,2.500000000000000000,8.563819681756466906,2.500000000000000000,0.447949570494274529,-0.487970913744518009,-0.019019752450015547,0.036947212895977369,-0.001511981023426496,0.007581219632644366,1.671890398698216984,-0.000932590492606661,0.458003720965889372,-0.434763779780911575,-0.154796367923442202
3.143928890928021858,3.000000000000000000,10.000000000000000000,3.000095217359624922,0.633571597588041602,8.000000000000000000,2.500000000000000000,12.953700577526735316,5.794918073981740747,0.400000000000000022,0.637580550685154179,-0.000079407965961193,2.206589041728881817,-0.000118294086547404,0.033571597588041603,0.510235495262765792,-0.012134892780117581,3.934884077275939696,0.779351140284372690,-0.114113463314911678
4.694424006456290321,3.000000000000000000,9.160489698897292143,3.000000000000000000,0.599999999999999978,8.000000000000000000,2.500000000000000000,3.425442866247930596,6.954258782329045374,0.400000000000000022,0.096790578020209433,-0.001380673218532140,0.107255665880396700,-0.006303702683003217,-0.171501251814000721,0.721496132614236396,-0.000000000000000000,-4.848793544765594987,-0.855749828040590632,-0.016965161426897829
2.050470203908112410,3.031370199562526846,10.000000000000000000,3.000000000000000000,0.659596136867453553,7.310865679522384752,2.500000000000000000,15.000000000000000000,2.500000000000000000,0.400000000000000022,-0.492392378542394260,0.003736483326570728,6.407955107985149112,-0.001327779091168562,0.059596136867453575,-0.689134320477615470,-0.000000000000000000,2.035568994967487555,-12.418642098678549957,-0.789943614493374247
3.244431025544423530,3.000000000000000000,5.495427119071687905,3.000000000000000000,0.599999999999999978,8.000000000000000000,2.500000000000000000,3.624531892537596889,2.500000000000000000,0.601891641024609680,-0.471281745527497298,-0.097332208836230991,2.495427119071687905,-0.000142700474268690,-0.288864723199737938,7.293983729788115156,-0.000000000000000000,1.124531892537596889,-22.356457460550338112,-0.197324621543579881
4.320203747257626681,3.000000000000000000,10.000000000000000000,3.000000000000000000,0.599999999999999978,8.000000000000000000,2.500000000000000000,12.864536135772729253,2.500000000000000000,0.400000000000000022,0.282869086928420999,-0.000007155622684800,0.369274542760932079,-0.000260573667313695,-0.145663560961074884,1.683645219262473125,-0.000000000000000000,-1.323076881115496706,-1.950449531427705496,-0.234388058039928376
3.117474515599788276,3.000000000000000000,5.870150046772133479,3.000546123896739026,0.700839403003376105,8.000000000000000000,2.500000000000000000,12.889594887073952734,2.500000000000000000,0.400000000000000022,-0.772470819578292334,-0.000175662610595196,-4.129849953227866521,0.000546123896739214,0.100839403003376099,1.136860115630344392,-0.000000000000000000,5.347743668783942361,-2.978574622054229515,-1.066895106674753180
3.492703051559566507,3.000000000000000000,8.630085077358192081,3.000000000000000000,0.760371404244971405,3.377129040765467494,2.500000000000000000,2.784507704573805142,2.614612848900173425,0.400000000000000022,-0.815210954624898343,-0.035076692757197325,-1.369914922641807253,-0.000273695032737814,0.160371404244971399,0.571384242950951804,-0.000000000000000000,-10.958401609808413824,-0.551156847812282580,-0.193106710695371331
3.863206601936734597,3.000000000000000000,10.000000000000000000,3.000000000000000000,0.612577169413644818,4.684901435354664301,2.500000000000000000,2.500000000000000000,3.694943092621011616,0.609072312863864429,0.219822971017108487,-0.019531714979669240,8.528299467900414044,-0.000013352104561257,0.012577169413644800,2.684901435354664301,-0.000000000000000000,-4.640716169606204033,-11.245932008331910978,-0.390927687136135515
4.684062147196262238,3.039969682037491516,6.396795236674184260,3.000000000000000000,0.599999999999999978,8.000000000000000000,2.500000000000000000,15.000000000000000000,2.500000000000000000,0.400000000000000022,1.358797285141750466,0.039969682037491329,-3.603204763325815740,-0.000000376985887324,-0.070156259116569641,0.461222576782263638,-0.000000000000000000,14.834362434668696196,-2.126264811093133922,-0.028236066833535158
