3.642411447414892756,3.000000000000000000,8.220396408058082471,3.000000000000000000,0.599999999999999978,5.786435705350855940,2.500000000000000000,3.443121290147260538,7.263782925801068657,0.424361319282441529,0.315957415162657074,0.228774296617369421,11.913000000000000256
3.643383630919625915,3.014970654406949446,3.929836458637743668,3.000000000000000000,0.599999999999999978,2.000000000000000000,2.500000000000000000,2.500000000000000000,14.940875100952922594,1.000000000000000000,0.222076004034963220,0.307745220294692923,6.615000000000000213
4.512538268318386336,3.000000000000000000,10.000000000000000000,3.000000000000000000,0.726273259754347533,8.000000000000000000,2.500000000000000000,13.590056104395262793,2.710175368394709849,0.400000000000000022,0.391217200980773283,0.175464783331703400,39.490999999999999659
3.622106062802274096,3.009352358922544823,7.822250211514383267,3.006597631960179928,0.719544373670749859,3.757847648631505777,2.500000000000000000,11.430298933560496977,3.174378881893491489,0.422724458354725940,0.265338175227443351,0.251488871003877901,8.006000000000000227
3.896203362877164178,3.142685621376763994,7.505315894147278399,3.000000000000000000,0.652422993376656435,8.000000000000000000,2.500000000000000000,15.000000000000000000,3.149900589732880007,0.400000000000000022,0.363774572800174167,0.197045215442275518,25.597000000000001307
3.738016109974293677,3.000000000000000000,10.000000000000000000,3.000000000000000000,0.599999999999999978,8.000000000000000000,2.500000000000000000,15.000000000000000000,2.500000000000000000,0.400000000000000022,0.343474816301123698,0.179564720736149291,40.338000000000000966
3.759334910140829322,3.000000000000000000,9.643377393671638487,3.000947504788569198,0.599999999999999978,7.955186290697016105,2.500000000000000000,4.804406743533526480,3.924913888743803092,0.403501151716291806,0.342512712982813883,0.223214471361980832,13.320000000000000284
3.760178842846778835,3.000000000000000000,9.706228011261657684,3.000770344130322176,0.599999999999999978,6.894642075844296336,2.500000000000000000,4.891898928684751624,5.834006091681910533,0.400000000000000022,0.316395250584420584,0.260428804432267846,6.719999999999999751
4.063119452422762734,3.000000000000000000,10.000000000000000000,3.000000000000000000,0.674849030634990021,8.000000000000000000,2.500000000000000000,7.555050903450687194,2.820108335865954885,0.400000000000000022,0.372686149693326696,0.182217058675991611,33.162999999999996703
3.645152825324720069,3.010211133861166122,10.000000000000000000,3.000000000000000000,0.800181640772262393,8.000000000000000000,2.500000000000000000,15.000000000000000000,3.211965985837240911,0.400000000000000022,0.321595584543209856,0.203697727596490713,23.304999999999999716
4.323900898094985124,3.000000000000000000,10.000000000000000000,3.000380939593200846,0.599999999999999978,8.000000000000000000,2.500000000000000000,11.057691691812417289,2.500000000000000000,0.400000000000000022,0.374939964898566902,0.174714053022073990,42.921999999999997044
3.715980666733763371,3.000000000000000000,10.000000000000000000,3.000000000000000000,0.705613034666200623,8.000000000000000000,2.500000000000000000,11.962380519414729463,2.500000000000000000,0.400000000000000022,0.333962047870478451,0.180412066409869482,40.685000000000002274
4.026111683619701509,3.000000000000000000,8.725733410806997270,3.000000000000000000,0.627027960261136164,7.765714888751604761,2.500000000000000000,10.644655794541868943,3.515431647215740529,0.400000000000000022,0.363998175756976572,0.205382923343589152,18.562999999999998835
3.593441765359579598,3.000000000000000000,9.950116862437369036,3.000000000000000000,0.698595485216773948,7.077075318419997707,2.500000000000000000,12.003664868356640483,2.599951482464499364,0.400000000000000022,0.316166937018868555,0.195406550606146923,32.268999999999998352
3.746096714001994066,3.000000000000000000,10.000000000000000000,3.000000000000000000,0.599999999999999978,8.000000000000000000,2.500000000000000000,15.000000000000000000,3.513931755098361087,0.400000000000000022,0.350465880713866362,0.208455086187910171,17.977000000000000313
4.333797005056304386,3.000000000000000000,10.000000000000000000,3.000000000000000000,0.599999999999999978,8.000000000000000000,2.500000000000000000,15.000000000000000000,4.007711491571404494,0.400000000000000022,0.368569059428905443,0.216281866322706184,15.183999999999999275
3.567450803021092298,3.000000000000000000,10.000000000000000000,3.000000000000000000,0.758891326029039748,8.000000000000000000,2.500000000000000000,15.000000000000000000,2.775191437009314477,0.400000000000000022,0.310495010504823310,0.190630021462640409,32.317999999999997840
3.669986680866919482,3.000000000000000000,10.000000000000000000,3.000031493375851177,0.657933357185314871,8.000000000000000000,2.500000000000000000,7.936918243754726987,2.557763163424146668,0.400000000000000022,0.330004659085356367,0.183422958475212672,38.844999999999998863
3.717086754355898304,3.000000000000000000,10.000000000000000000,3.000000000000000000,0.671651571989933860,8.000000000000000000,2.500000000000000000,15.000000000000000000,4.147374158425492396,0.400000000000000022,0.327980002754766353,0.229565701251691734,11.441000000000000725
4.069702760030655675,3.000000000000000000,9.260133000475246234,3.000015733051981659,0.621875820871098717,8.000000000000000000,2.500000000000000000,11.283577326603754898,2.966047787332558361,0.400000000000000022,0.370290210438351919,0.187416388733533584,29.513999999999999346
4.172065130169740677,3.000000000000000000,9.928164922010880744,3.000027139772825091,0.631905360818202144,8.000000000000000000,2.500000000000000000,5.363816951584762904,3.063630289660173478,0.400000000000000022,0.375507850083684536,0.187630794200771167,28.297999999999998266
4.731345714956916026,3.000000000000000000,7.553960922568875525,3.000089937972037823,0.718333096080033595,8.000000000000000000,2.500000000000000000,2.500000000000000000,7.493121263781109320,0.400000000000000022,0.392570317019936277,0.171812651377654529,45.939000000000000057
3.642049772994400136,3.000000000000000000,10.000000000000000000,3.001852678233214888,0.599999999999999978,8.000000000000000000,2.500000000000000000,15.000000000000000000,3.289457073055779723,0.400000000000000022,0.337848065914402140,0.204048501126119636,21.230000000000000426
4.257637936513919641,3.021691768672620793,6.261151212855827097,3.000000000000000000,0.644794957379399070,8.000000000000000000,2.500000000000000000,15.000000000000000000,2.769326645282229826,0.400000000000000022,0.376729592710659311,0.178104895711915429,35.598999999999996646
3.778210674961133719,3.000000000000000000,10.000000000000000000,3.000000000000000000,0.599999999999999978,8.000000000000000000,2.500000000000000000,15.000000000000000000,2.724413973667728861,0.400000000000000022,0.351775377643115061,0.182924941389824292,34.436999999999997613
3.818045351821000466,3.000000000000000000,9.873547213654960686,3.000461867741714084,0.599999999999999978,7.898179506053333299,2.500000000000000000,13.689835491976074522,3.194813531035928023,0.400000000000000022,0.357658658576366639,0.197084308735857777,23.814000000000000057
4.383499614019480184,3.000000000000000000,8.038189624101558906,3.000229844267409351,0.694814927241665048,8.000000000000000000,2.500000000000000000,15.000000000000000000,3.420180419281688700,0.400000000000000022,0.385902281833828631,0.194611445325776816,23.611999999999998323
4.133616045411827145,3.001946168383250679,8.667240394593530795,3.000000000000000000,0.740560533970688106,8.000000000000000000,2.500000000000000000,15.000000000000000000,3.512330548911562378,0.400000000000000022,0.378127414023035902,0.204685909235608227,20.934000000000001052
4.453488435224081776,3.000000000000000000,10.000000000000000000,3.000000000000000000,0.688778303987099161,8.000000000000000000,2.500000000000000000,4.205644027305139865,2.500000000000000000,0.400000000000000022,0.384780484698921121,0.172700044603994851,44.317999999999997840
3.860968592675916966,3.009504263920456335,10.000000000000000000,3.000218037501525714,0.599999999999999978,8.000000000000000000,2.500000000000000000,14.134143152321087200,3.313125116880407894,0.400000000000000022,0.356930842748105548,0.197670276963248626,21.972000000000001307
3.748645944981489730,3.000000000000000000,10.000000000000000000,3.000000000000000000,0.599999999999999978,8.000000000000000000,2.500000000000000000,7.860644884482221428,2.798964456288149272,0.400000000000000022,0.350179263456724177,0.187546024609743872,31.809999999999998721
4.000059925916967352,3.000000000000000000,8.677602667754154453,3.000166854479936696,0.599999999999999978,8.000000000000000000,2.500000000000000000,10.614088632802255674,2.500000000000000000,0.400000000000000022,0.357938105855909405,0.176817653623931231,41.511000000000002785
3.764115390380755155,3.000000000000000000,10.000000000000000000,3.001111048620739741,0.599999999999999978,6.939118874488332978,2.500000000000000000,9.336466225210898529,3.888737482858768857,0.409221356859667096,0.338312304733250135,0.230740628085928212,11.230999999999999872
3.716354968716582441,3.001828423874453478,10.000000000000000000,3.000000000000000000,0.602284848620694868,8.000000000000000000,2.500000000000000000,4.304982136778567892,2.500000000000000000,0.400000000000000022,0.342135020189386185,0.180348016982601916,40.234000000000001762
3.578824496593300708,3.000000000000000000,10.000000000000000000,3.000000000000000000,0.728143492616786681,2.000000000000000000,2.500000000000000000,2.500000000000000000,2.500000000000000000,0.400000000000000022,0.197335606164147664,0.307065237002698554,6.674000000000000377
3.853456993551676035,3.000000000000000000,10.000000000000000000,3.000249077389923968,0.599999999999999978,8.000000000000000000,2.500000000000000000,7.335232291307514529,2.728572645822296749,0.400000000000000022,0.355580453905949834,0.181271342424143667,34.664999999999999147
3.559948118392533445,3.000000000000000000,10.000000000000000000,3.000107667436995751,0.690755749262593310,8.000000000000000000,2.500000000000000000,8.300635319173084170,2.500000000000000000,0.400000000000000022,0.310090310883070541,0.184099416189932558,39.655000000000001137
3.566132932236952602,3.005472324667725736,10.000000000000000000,3.000000000000000000,0.702851876340007009,8.000000000000000000,2.500000000000000000,15.000000000000000000,2.500000000000000000,0.400000000000000022,0.307060220801135486,0.185938392967371663,39.715000000000003411
3.904455944067856343,3.000000000000000000,10.000000000000000000,3.000000000000000000,0.599999999999999978,8.000000000000000000,2.500000000000000000,13.228380843545144430,2.697792100092220924,0.400000000000000022,0.357605144786394935,0.181056208839167038,35.679000000000002046
3.753879887387273406,3.000000000000000000,10.000000000000000000,3.000000000000000000,0.609564420345976909,8.000000000000000000,2.500000000000000000,10.543780342186380494,3.666902413974154840,0.400000000000000022,0.344581336981247655,0.210427386107852721,16.007999999999999119
3.917708616845286596,3.013861306302097809,9.284694051535996806,3.000000000000000000,0.608204155817592018,7.983612544837848546,2.500000000000000000,13.774923323682855880,2.500000000000000000,0.426708473555176604,0.354304544152958256,0.179935979762961273,40.100000000000001421
4.589956692526869553,3.000000000000000000,9.672140290654073880,3.000000000000000000,0.724509494293256062,8.000000000000000000,2.500000000000000000,12.044631072006744432,2.500000000000000000,0.400000000000000022,0.394240709315433591,0.171160790828405768,45.549999999999997158
3.427080692403402296,3.143173413382548187,9.539894537013188014,3.000000000000000000,0.735007458834179617,8.000000000000000000,2.500000000000000000,15.000000000000000000,2.666618727215070095,0.400000000000000022,0.280979491297022266,0.191409526030067584,34.283999999999998920
3.526325486791299202,3.000000000000000000,9.114774567609593703,3.000000000000000000,0.729234269287768688,5.355727217071683199,2.500000000000000000,12.572967286525106090,2.500000000000000000,0.430363216566448159,0.279021955708810832,0.226887780726023724,22.048999999999999488
4.068122881148729775,3.000000000000000000,10.000000000000000000,3.000248703929382366,0.649666469353313736,8.000000000000000000,2.500000000000000000,14.236007687196655880,3.419743764631040239,0.400000000000000022,0.370165082812479562,0.199812852228101245,21.629000000000001336
3.429274173374051493,3.000000000000000000,6.786068657116967273,3.000000000000000000,0.706495292097526262,8.000000000000000000,2.500000000000000000,7.363857565420971696,4.494372172034799995,0.400000000000000022,0.265695648763666026,0.251044772908995351,7.642999999999999794
3.999519122658914405,3.041467740758470928,7.205079198166723486,3.000000000000000000,0.599999999999999978,8.000000000000000000,2.500000000000000000,15.000000000000000000,2.738968432289231814,0.400000000000000022,0.360076431385150608,0.180535616857067566,34.893000000000000682
3.580449633403547161,3.015067005544240342,9.430199937426417378,3.000000000000000000,0.599999999999999978,7.490481549475717316,2.500000000000000000,12.770718182619154035,2.741744529401028085,0.400000000000000022,0.325463594087348707,0.195395758933526092,30.042999999999999261
3.614863286469005121,3.000000000000000000,6.886847192353732439,3.000000000000000000,0.682439916612510911,4.660532231153384330,2.500000000000000000,15.000000000000000000,2.801771087118212655,0.400000000000000022,0.296670436425698347,0.233392435612744059,14.214000000000000412
4.145590571102591326,3.000000000000000000,7.518986814569064592,3.000000000000000000,0.619965425792330493,8.000000000000000000,2.500000000000000000,7.774241941569144387,3.321292998831364862,0.400000000000000022,0.371530927322145543,0.197641521322510588,23.106999999999999318
3.491101627815636377,3.000000000000000000,10.000000000000000000,3.000000000000000000,0.746714927245868409,8.000000000000000000,2.500000000000000000,4.832904884630577769,3.341489108036314271,0.400000000000000022,0.298125112712088913,0.208800499435697062,19.905000000000001137
3.883026180923490056,3.000000000000000000,10.000000000000000000,3.000324916620144666,0.694186799291423240,8.000000000000000000,2.500000000000000000,14.603311059890348389,2.992312815690976180,0.400000000000000022,0.361107906280451529,0.190338337056004503,28.655000000000001137
3.648544775433346654,3.000000000000000000,7.261104273127122255,3.000292977393983929,0.634538706982419987,7.786056026477515601,2.500000000000000000,14.274353149329433776,3.932839307505819448,0.400000000000000022,0.325469580105037015,0.227493750489624891,12.099999999999999645
4.004079106480513239,3.018555366666597184,6.402262278474603718,3.000000000000000000,0.599999999999999978,8.000000000000000000,2.500000000000000000,14.629038780183847734,2.500000000000000000,0.400000000000000022,0.357184546889922794,0.175915313981834381,41.533000000000001251
4.094804459686892883,3.000000000000000000,9.212366264773343971,3.000000000000000000,0.694062355344669091,8.000000000000000000,2.500000000000000000,15.000000000000000000,3.231522713368331523,0.400000000000000022,0.372997817078234206,0.194647624608904890,25.088000000000000966
3.591812009912916270,3.000000000000000000,10.000000000000000000,3.000000000000000000,0.599999999999999978,8.000000000000000000,2.500000000000000000,7.624533436737225500,2.500000000000000000,0.415438887874902907,0.322892194132683330,0.186647199619335763,38.869999999999997442
4.064768449537011996,3.001807433781504830,9.631479126091335274,3.000016865387869824,0.599999999999999978,8.000000000000000000,2.500000000000000000,15.000000000000000000,3.285071899148530594,0.400000000000000022,0.366284107550696014,0.196754541676899763,23.306999999999998607
3.589905740084390118,3.000447077098473692,10.000000000000000000,3.000000000000000000,0.599999999999999978,8.000000000000000000,2.500000000000000000,14.785381982732644701,3.788727926593786322,0.400000000000000022,0.322701247685942938,0.220169818741595635,13.702999999999999403
4.034543859293808765,3.030530723677772098,10.000000000000000000,3.000000000000000000,0.599999999999999978,3.820503703345324631,2.500000000000000000,12.153756734781474336,4.218320727056551256,0.449368000597635431,0.295543737472422796,0.247099875354989118,6.798000000000000043
4.053679893369452891,3.000000000000000000,9.439177313206208453,3.000000000000000000,0.616546904659623030,8.000000000000000000,2.500000000000000000,13.211153759268805530,2.580345564819599424,0.400000000000000022,0.364213730965517124,0.177291737199478522,39.902000000000001023
3.594406123528173680,3.000000000000000000,10.000000000000000000,3.000000000000000000,0.713786491001773826,3.418853215932873724,2.500000000000000000,4.167916818905650800,3.031310030802175426,0.458007766892783108,0.254623009672819034,0.267325940438821963,8.288000000000000256
2.057564012321435598,3.000000000000000000,10.000000000000000000,3.000008301688877221,0.599999999999999978,8.000000000000000000,2.500000000000000000,11.842299864191449643,2.500000000000000000,0.400000000000000022,0.177269820944235629,0.203015011244071009,36.607999999999996987
4.008698890317570651,3.001338579391708894,8.781675334598116223,3.000000000000000000,0.599999999999999978,8.000000000000000000,2.500000000000000000,3.957990710919697008,6.024456558820491026,0.400000000000000022,0.352770800069980517,0.216784491363166409,14.115999999999999659
3.767329674037454890,3.083797307013406819,10.000000000000000000,3.000000000000000000,0.735542896747286790,8.000000000000000000,2.500000000000000000,15.000000000000000000,2.885068690992028007,0.400000000000000022,0.345318462180908448,0.191075620776955085,30.528999999999999915
3.595571716707546273,3.005438505677711092,10.000000000000000000,3.000000000000000000,0.734194412577524491,8.000000000000000000,2.500000000000000000,15.000000000000000000,2.692394110464837453,0.400000000000000022,0.315979334083738461,0.187606954695307443,34.735999999999997101
3.629630666774835035,3.007201403750929813,8.100953771822457128,3.005859795246621502,0.773288437762020386,4.710745617412363195,2.500000000000000000,13.404969539373933429,3.220362035159352043,0.400000000000000022,0.287800974987833469,0.236324119353632844,10.555999999999999162
3.695760303681114856,3.000000000000000000,10.000000000000000000,3.000000000000000000,0.599999999999999978,8.000000000000000000,2.500000000000000000,9.994114720188338907,3.858276160478101957,0.400000000000000022,0.336030553438834589,0.219462400342418651,13.704000000000000625
3.901950394166883385,3.006066883076569329,10.000000000000000000,3.000000000000000000,0.603825064484581842,8.000000000000000000,2.500000000000000000,12.998455401244633833,2.500000000000000000,0.400000000000000022,0.353284366074355038,0.178662682201200823,41.140000000000000568
3.768063554806068360,3.000000000000000000,10.000000000000000000,3.000000000000000000,0.689003690282898540,8.000000000000000000,2.500000000000000000,15.000000000000000000,3.360914120869480382,0.400000000000000022,0.347296907161077251,0.200452239060510018,21.050999999999998380
3.671041080677474255,3.000000000000000000,9.304300106885936117,3.000000000000000000,0.704211840408590417,8.000000000000000000,2.500000000000000000,4.717690599708760146,3.076088529866780164,0.400000000000000022,0.335555832754789118,0.196498222049503179,26.028999999999999915
3.822740912928402679,3.000000000000000000,9.315664960218207113,3.000000000000000000,0.603312898954241117,8.000000000000000000,2.500000000000000000,12.634120588762268511,2.812348151121247142,0.412743071751098534,0.353355226536306077,0.185012558246253428,32.875000000000000000
3.570522897769532467,3.003834789086969437,7.610477703762153823,3.000000000000000000,0.716356279321911926,2.000000000000000000,2.500000000000000000,2.500000000000000000,2.500000000000000000,0.409685333507884941,0.196419767386922878,0.307777762539121924,6.580000000000000071
3.842457582051709952,3.020019263836683621,9.604150542217778863,3.000000000000000000,0.599999999999999978,8.000000000000000000,2.500000000000000000,15.000000000000000000,3.708800189160620597,0.400000000000000022,0.350279781770087451,0.210447617621754013,15.861000000000000654
4.523706137831286611,3.000000000000000000,9.775365021725876957,3.000000000000000000,0.706898955105597304,8.000000000000000000,2.500000000000000000,15.000000000000000000,2.500000000000000000,0.400000000000000022,0.388554500383070600,0.172194552870780199,44.984999999999999432
3.762716872155903669,3.002185846511692624,10.000000000000000000,3.000000000000000000,0.683199230778113398,8.000000000000000000,2.500000000000000000,15.000000000000000000,2.712305418055103612,0.400000000000000022,0.345320574147163661,0.181380424377126592,34.924999999999997158
3.850665167371829067,3.000000000000000000,9.940896048945564445,3.000000000000000000,0.599999999999999978,8.000000000000000000,2.500000000000000000,3.236058516051445011,2.879409882152140554,0.400000000000000022,0.356184308567603580,0.186717318266978266,30.495999999999998664
3.849283094587122811,3.000000000000000000,9.955099517908385209,3.000000000000000000,0.599999999999999978,8.000000000000000000,2.500000000000000000,10.666647265558685476,2.500000000000000000,0.400000000000000022,0.349951022515504917,0.178857777936413137,40.912999999999996703
3.723453806625198759,3.000000000000000000,8.922431869437128071,3.037299930080020083,0.599999999999999978,2.000000000000000000,2.500000000000000000,2.500000000000000000,2.500000000000000000,0.814530294318698278,0.225421057531434349,0.306414083246246305,6.719999999999999751
3.973347235360778829,3.000000000000000000,10.000000000000000000,3.000000000000000000,0.616518123246599159,8.000000000000000000,2.500000000000000000,9.799430412767675236,2.528720091987128882,0.400000000000000022,0.357761224259253829,0.178611355685616952,41.060000000000002274
3.830466451375828196,3.000000000000000000,8.549128881563268223,3.000000000000000000,0.622107590280164380,7.927425035542337461,2.500000000000000000,11.926444748318836275,3.102822723680498829,0.400000000000000022,0.358691304506296715,0.194519838275793056,25.687000000000001165
4.124249997025595249,3.000000000000000000,9.499735454638580379,3.000000000000000000,0.621906415126744827,8.000000000000000000,2.500000000000000000,12.193341077826101326,2.978262551093846966,0.400000000000000022,0.374103842894608407,0.184415988139737475,29.548999999999999488
3.923558403529803229,3.000000000000000000,10.000000000000000000,3.000000000000000000,0.599999999999999978,8.000000000000000000,2.500000000000000000,13.184405824367912530,3.522430882425421572,0.400000000000000022,0.357220153936290197,0.206081769182684282,18.524999999999998579
4.043603585641310616,3.000000000000000000,9.545685477940777375,3.000207681181850106,0.599999999999999978,8.000000000000000000,2.500000000000000000,15.000000000000000000,3.110815956343432553,0.400000000000000022,0.366597626226132234,0.191620346209978393,26.734000000000001762
4.120021989500566306,3.000000000000000000,8.380530135415346749,3.000048697242438944,0.696915266290847657,8.000000000000000000,2.500000000000000000,2.500000000000000000,5.258916100404966265,0.400000000000000022,0.371699250158630978,0.175876868169380918,42.887000000000000455
3.617770915778532714,3.013566974355973649,6.823057128825041673,3.008470251351207825,0.750867600085729392,2.000000000000000000,2.500000000000000000,9.495758987999909806,2.500000000000000000,0.462816024992488195,0.201219762877069747,0.306406457759476836,6.929000000000000270
3.586656841896261660,3.000000000000000000,8.381102571834958326,3.000000000000000000,0.599999999999999978,6.627927094474141967,2.500000000000000000,3.377295305875353648,11.583500743441447867,0.400000000000000022,0.318934867415473666,0.218839141672279858,14.423000000000000043
3.608773632237006979,3.020600166082172855,8.776385279418452257,3.000000000000000000,0.781782253267427896,7.402590383055435375,2.500000000000000000,6.092235285416886192,2.797242554029700567,0.400000000000000022,0.316977138400692415,0.198991676684007662,28.655000000000001137
3.580786093826692884,3.000000000000000000,10.000000000000000000,3.000000000000000000,0.599999999999999978,8.000000000000000000,2.500000000000000000,15.000000000000000000,2.500000000000000000,0.400000000000000022,0.321370904518209988,0.185374001569546032,39.478999999999999204
3.449616683996574285,3.033645249728196269,10.000000000000000000,3.000213829788303865,0.725070609391205267,8.000000000000000000,2.500000000000000000,15.000000000000000000,3.172737003329697991,0.400000000000000022,0.294310133242933591,0.204854383389804134,22.955999999999999517
3.893528001880458778,3.003213648949612846,10.000000000000000000,3.000000000000000000,0.695556118844023463,8.000000000000000000,2.500000000000000000,15.000000000000000000,3.025636313457459092,0.400000000000000022,0.362869630386070119,0.189928777230738810,28.152000000000001023
4.430823226617106592,3.000000000000000000,9.682447197761652191,3.000000000000000000,0.676197697527652464,8.000000000000000000,2.500000000000000000,14.696144738652007433,3.714662908768350924,0.400000000000000022,0.383596008822626899,0.205226433067845604,19.021000000000000796
3.621168700638241589,3.000000000000000000,4.485007274059538140,3.002462110823779007,0.642743974033529342,3.548502418806304348,2.500000000000000000,15.000000000000000000,2.500000000000000000,0.784567951957264365,0.247969848543343863,0.285547252339783175,9.210000000000000853
3.622496547350637641,3.000000000000000000,9.986138133230669567,3.001214774937443153,0.609211025881022605,8.000000000000000000,2.500000000000000000,9.043906364497608763,4.144465898746680921,0.400000000000000022,0.317572493445272663,0.232384802462513168,10.733000000000000540
3.902132069944842296,3.000000000000000000,10.000000000000000000,3.000000000000000000,0.599999999999999978,8.000000000000000000,2.500000000000000000,15.000000000000000000,2.500000000000000000,0.400000000000000022,0.353531464915095517,0.178167171547405717,41.131000000000000227
3.878522803441753375,3.000000000000000000,10.000000000000000000,3.000000000000000000,0.599999999999999978,8.000000000000000000,2.500000000000000000,13.658292338843928349,2.656109211937801362,0.400000000000000022,0.356786575773828385,0.181000473631258096,36.807000000000002160
3.688290004290659230,3.018933004476961113,10.000000000000000000,3.000000000000000000,0.635576789579636592,7.640781562690852624,2.500000000000000000,10.711285175910830958,3.463664748144315908,0.400000000000000022,0.341847041735150792,0.210267713498340142,17.548999999999999488
3.637532258137332164,3.000000000000000000,10.000000000000000000,3.000000000000000000,0.680762590696348147,7.804618717852116028,2.500000000000000000,3.358293983496873469,2.929133835787509188,0.481485140503064735,0.327519870231837040,0.193690484533524859,31.786000000000001364
3.628701473967366198,3.066773246933848895,10.000000000000000000,3.000000000000000000,0.689303150231790451,8.000000000000000000,2.500000000000000000,15.000000000000000000,2.748670748274910203,0.400000000000000022,0.323277534005810274,0.185223700263914076,33.146999999999998465
3.948624303298044147,3.000000000000000000,8.217021982467773711,3.000052579247025175,0.638968391663196189,8.000000000000000000,2.500000000000000000,2.568139173812539866,5.727251477651464029,0.400000000000000022,0.360799429609411804,0.179126924304116364,39.970999999999996533
4.620187876809363381,3.014490584188591171,10.000000000000000000,3.000000000000000000,0.746691594039387341,8.000000000000000000,2.500000000000000000,7.729234012985935820,2.500000000000000000,0.400000000000000022,0.394934817331729471,0.169900138061113343,46.008000000000002672
