density_radius_cee,min_density_cee,outlier_distance_cee,seeding_distance_cee,w_z_cee,density_radius_che,min_density_che,outlier_distance_che,seeding_distance_che,w_z_che,R1_ee,R2_ee,R3_ee,R1_pi,R2_pi,R3_pi
1.9900534205238491,1.3582662041347708,8.343738085179703,3.916318576232519,0.9548358146158352,1.0,4.053808504655032,1.0,1.0,0.7552354756960222,0.325750125433456,0.9356302292799076,0.6499999999999999,0.206523465157812,1.3907129798350526,0.6454293628808865
1.9900534205238491,1.3582662041347708,8.343738085179703,3.916318576232519,0.9548358146158352,1.98013697634826,0.568987938756605,1.2697803406807706,18.86474685092384,0.2,0.325750125433456,0.9356302292799076,0.6499999999999999,0.23941259994057265,0.6782378418560696,5.726401022799915
1.9900534205238491,1.3582662041347708,8.343738085179703,3.916318576232519,0.9548358146158352,1.1618949345483358,1.5037422257142081,1.0,9.780978124321408,0.2,0.325750125433456,0.9356302292799076,0.6499999999999999,0.206523465157812,1.0743247744687872,1.5180055401662051
1.9900534205238491,1.3582662041347708,8.343738085179703,3.916318576232519,0.9548358146158352,1.0,0.10700524654561017,30.0,1.924247024149678,0.5941851278072641,0.325750125433456,0.9356302292799076,0.6499999999999999,0.8252375827726706,0.3365432671361662,15.486895376092054
1.9900534205238491,1.3582662041347708,8.343738085179703,3.916318576232519,0.9548358146158352,1.509793077795632,3.5157995738313383,1.3869429600748215,6.650917539653012,1.0,0.325750125433456,0.9356302292799076,0.6499999999999999,0.206523465157812,1.3416635927044258,0.7300234391647135
1.9900534205238491,1.3582662041347708,8.343738085179703,3.916318576232519,0.9548358146158352,1.0,2.453831052688815,11.453220649866513,1.0,0.2,0.325750125433456,0.9356302292799076,0.6499999999999999,0.206523465157812,1.2272428631218133,0.9780524184956318
1.9900534205238491,1.3582662041347708,8.343738085179703,3.916318576232519,0.9548358146158352,1.0,1.2853609868355829,9.031852635482373,5.493098944618412,0.695768908943287,0.325750125433456,0.9356302292799076,0.6499999999999999,0.7100147860851683,0.8813242967879531,1.037076496910292
1.9900534205238491,1.3582662041347708,8.343738085179703,3.916318576232519,0.9548358146158352,1.29798236508077,4.071733632499361,2.6798110740735286,1.0,1.0,0.325750125433456,0.9356302292799076,0.6499999999999999,0.206523465157812,1.3943087544360426,0.6405284466226294
1.9900534205238491,1.3582662041347708,8.343738085179703,3.916318576232519,0.9548358146158352,1.0,2.2738155586566458,26.86976256706516,1.0,0.3519445847102259,0.325750125433456,0.9356302292799076,0.6499999999999999,0.206523465157812,1.2045610934335904,1.0466652461112296
1.9900534205238491,1.3582662041347708,8.343738085179703,3.916318576232519,0.9548358146158352,1.0,0.01,2.045283735509233,1.2830053582720202,0.9683685422668715,0.325750125433456,0.9356302292799076,0.6499999999999999,0.20709796593788607,0.31058247050241666,18.86660984444918
1.9900534205238491,1.3582662041347708,8.343738085179703,3.916318576232519,0.9548358146158352,1.2817963337230334,2.8128972205927316,4.469933912053516,16.243945653037397,0.8296538950809358,0.325750125433456,0.9356302292799076,0.6499999999999999,0.4958507411562378,1.1999598326536722,0.8288940975921586
1.9900534205238491,1.3582662041347708,8.343738085179703,3.916318576232519,0.9548358146158352,1.0,2.2258947710241044,1.0,1.0,0.2,0.325750125433456,0.9356302292799076,0.6499999999999999,0.206523465157812,1.1991763655683114,1.0656296611975284
1.9900534205238491,1.3582662041347708,8.343738085179703,3.916318576232519,0.9548358146158352,1.1947869655888288,0.9197117772494643,1.0,1.0,0.3268156576377105,0.325750125433456,0.9356302292799076,0.6499999999999999,0.206523465157812,0.9156326125908887,2.441934796505434
1.9900534205238491,1.3582662041347708,8.343738085179703,3.916318576232519,0.9548358146158352,1.0,4.277124597071348,1.0,1.851992056457112,0.2,0.325750125433456,0.9356302292799076,0.6499999999999999,0.206523465157812,1.4119995103162823,0.6147453654378863
1.9900534205238491,1.3582662041347708,8.343738085179703,3.916318576232519,0.9548358146158352,1.0,4.289485912854559,1.1175339033598402,1.0,0.68591115055061,0.325750125433456,0.9356302292799076,0.6499999999999999,0.206523465157812,1.4148499573381967,0.6121883656509697
1.9900534205238491,1.3582662041347708,8.343738085179703,3.916318576232519,0.9548358146158352,1.0,2.1878204306293783,2.1744310494825503,5.431367996487579,0.8685131738948125,0.325750125433456,0.9356302292799076,0.6499999999999999,0.250875644081814,1.1872106515069447,1.074152993820584
1.9900534205238491,1.3582662041347708,8.343738085179703,3.916318576232519,0.9548358146158352,1.0,3.2100143424483805,1.0,1.1368560995116879,0.3183885916236422,0.325750125433456,0.9356302292799076,0.6499999999999999,0.206523465157812,1.3135625499238213,0.7811634349030472
1.9900534205238491,1.3582662041347708,8.343738085179703,3.916318576232519,0.9548358146158352,5.4156520503803325,0.01,3.318943542400423,1.5879566281363025,0.7984962565246546,0.325750125433456,0.9356302292799076,0.6499999999999999,0.5869490034124986,0.31296442324647505,18.483272959727255
1.9900534205238491,1.3582662041347708,8.343738085179703,3.916318576232519,0.9548358146158352,1.411833604227708,1.2854583578048677,20.93462294004231,1.9066138665665582,0.5430702683270952,0.325750125433456,0.9356302292799076,0.6499999999999999,0.28476599991013374,1.0193799553182425,1.7419561048369916
1.9900534205238491,1.3582662041347708,8.343738085179703,3.916318576232519,0.9548358146158352,1.5442605790014947,3.535633926280108,1.6691833019455302,3.0088897659113334,0.48180241319364375,0.325750125433456,0.9356302292799076,0.6499999999999999,0.2115117514494788,1.342290552970766,0.7219262731728107
1.9900534205238491,1.3582662041347708,8.343738085179703,3.916318576232519,0.9548358146158352,1.0,3.434918816479633,30.0,1.0,0.24079223048009168,0.325750125433456,0.9356302292799076,0.6499999999999999,0.206523465157812,1.3342029951745442,0.7404645216279566
1.9900534205238491,1.3582662041347708,8.343738085179703,3.916318576232519,0.9548358146158352,1.0,1.657344362437402,1.0,1.0,1.0,0.325750125433456,0.9356302292799076,0.6499999999999999,0.206523465157812,1.1078357815731688,1.3812060515661626
1.9900534205238491,1.3582662041347708,8.343738085179703,3.916318576232519,0.9548358146158352,3.334829086169502,0.01,17.405356684638036,2.552179405901492,0.5143482924955428,0.325750125433456,0.9356302292799076,0.6499999999999999,1.1945547655071986,0.3355092618193026,15.798210100149161
1.9900534205238491,1.3582662041347708,8.343738085179703,3.916318576232519,0.9548358146158352,1.0,2.2780690429932515,1.0,2.23753717881233,0.7755264169276822,0.325750125433456,0.9356302292799076,0.6499999999999999,0.206523465157812,1.2055124944460667,1.0443213296398892
1.9900534205238491,1.3582662041347708,8.343738085179703,3.916318576232519,0.9548358146158352,1.0,1.110483589657352,1.0,30.0,0.8562099052499063,0.325750125433456,0.9356302292799076,0.6499999999999999,0.206523465157812,0.9767366413356938,2.017046665246111
1.9900534205238491,1.3582662041347708,8.343738085179703,3.916318576232519,0.9548358146158352,1.2744460009063363,1.0461056834140587,1.0,1.0,0.5430556358182727,0.325750125433456,0.9356302292799076,0.6499999999999999,0.206523465157812,0.9576762486025575,2.1382910718090775
1.9900534205238491,1.3582662041347708,8.343738085179703,3.916318576232519,0.9548358146158352,1.0,1.2131362418267118,1.0,1.63438217244083,1.0,0.325750125433456,0.9356302292799076,0.6499999999999999,0.206523465157812,1.0075443803444457,1.8467930961005754
1.9900534205238491,1.3582662041347708,8.343738085179703,3.916318576232519,0.9548358146158352,1.0929712333215826,4.4959374793013245,3.6084634027227906,23.535926254107075,1.0,0.325750125433456,0.9356302292799076,0.6499999999999999,0.31048223494927074,1.3950281899036991,0.5793735350522055
1.9900534205238491,1.3582662041347708,8.343738085179703,3.916318576232519,0.9548358146158352,2.509057172734963,0.308833294985067,13.86563518332217,1.0,0.74957306878644,0.325750125433456,0.9356302292799076,0.6499999999999999,0.20709796593788607,0.5015890765360423,9.404858299595142
1.9900534205238491,1.3582662041347708,8.343738085179703,3.916318576232519,0.9548358146158352,1.0,1.6223593772003344,1.0,30.0,1.0,0.325750125433456,0.9356302292799076,0.6499999999999999,0.206523465157812,1.100854231051266,1.4106115491157043
1.9900534205238491,1.3582662041347708,8.343738085179703,3.916318576232519,0.9548358146158352,1.0,0.19830790390233188,1.0,25.15303140271436,0.9839411779026209,0.325750125433456,0.9356302292799076,0.6499999999999999,0.20709796593788607,0.4233020858223379,11.367142552738121
1.9900534205238491,1.3582662041347708,8.343738085179703,3.916318576232519,0.9548358146158352,1.0,1.4356922523111717,3.1499235253113547,1.0,0.2,0.325750125433456,0.9356302292799076,0.6499999999999999,0.206523465157812,1.0599602065529492,1.5857660345194973
1.9900534205238491,1.3582662041347708,8.343738085179703,3.916318576232519,0.9548358146158352,1.0,0.5125270034907741,6.87549535517743,1.0,0.6537934347423551,0.325750125433456,0.9356302292799076,0.6499999999999999,0.206523465157812,0.7182574672046641,4.528233539313872
1.9900534205238491,1.3582662041347708,8.343738085179703,3.916318576232519,0.9548358146158352,1.1721260508684184,0.01,4.031655412709965,5.3895263905342965,0.2016516961785828,0.325750125433456,0.9356302292799076,0.6499999999999999,1.3231652408419974,0.44398256434072864,7.14937140421905
1.9900534205238491,1.3582662041347708,8.343738085179703,3.916318576232519,0.9548358146158352,1.0238256484074735,2.651897667118681,12.550897949003865,1.0,0.5733423338645647,0.325750125433456,0.9356302292799076,0.6499999999999999,0.206523465157812,1.2559151030028075,0.9094395908800341
1.9900534205238491,1.3582662041347708,8.343738085179703,3.916318576232519,0.9548358146158352,1.0,0.9162993734306245,11.97325566940313,1.0,0.2,0.325750125433456,0.9356302292799076,0.6499999999999999,0.206523465157812,0.9148997169098081,2.448540379288302
1.9900534205238491,1.3582662041347708,8.343738085179703,3.916318576232519,0.9548358146158352,1.0,3.4697223387477423,13.99058549189748,1.0,0.32078845832533476,0.325750125433456,0.9356302292799076,0.6499999999999999,0.206523465157812,1.3369474444967073,0.7344981887918177
1.9900534205238491,1.3582662041347708,8.343738085179703,3.916318576232519,0.9548358146158352,1.0,1.4756066679244837,1.0,4.899764470105357,1.0,0.325750125433456,0.9356302292799076,0.6499999999999999,0.206523465157812,1.0676137116700948,1.5469848710845941
1.9900534205238491,1.3582662041347708,8.343738085179703,3.916318576232519,0.9548358146158352,1.0,1.2594139832753444,1.0,1.0,0.234727997932084,0.325750125433456,0.9356302292799076,0.6499999999999999,0.206523465157812,1.0190754950130954,1.7879821010014918
1.9900534205238491,1.3582662041347708,8.343738085179703,3.916318576232519,0.9548358146158352,1.0,1.7703425709321856,1.0,1.0,0.41044803701990634,0.325750125433456,0.9356302292799076,0.6499999999999999,0.206523465157812,1.1286783377256209,1.3038568080119328
1.9900534205238491,1.3582662041347708,8.343738085179703,3.916318576232519,0.9548358146158352,1.0,1.8726119158076722,1.0,1.0,0.5554746943127493,0.325750125433456,0.9356302292799076,0.6499999999999999,0.206523465157812,1.1453633795453086,1.2416364798636268
1.9900534205238491,1.3582662041347708,8.343738085179703,3.916318576232519,0.9548358146158352,1.0193439177109607,0.9033674024293299,15.356356126735555,3.471180812681786,0.2,0.325750125433456,0.9356302292799076,0.6499999999999999,0.8228368757453253,0.7623508862652103,1.401235883230343
1.9900534205238491,1.3582662041347708,8.343738085179703,3.916318576232519,0.9548358146158352,1.0,2.367272514887571,4.285810247516482,1.0,1.0,0.325750125433456,0.9356302292799076,0.6499999999999999,0.206523465157812,1.2163697672749878,1.0083102493074794
1.9900534205238491,1.3582662041347708,8.343738085179703,3.916318576232519,0.9548358146158352,1.0,4.639288898695261,1.0,17.92341582710997,0.7188516362610111,0.325750125433456,0.9356302292799076,0.6499999999999999,0.206523465157812,1.440255825512398,0.5708502024291499
1.9900534205238491,1.3582662041347708,8.343738085179703,3.916318576232519,0.9548358146158352,1.0,0.10084504644545111,1.0,23.30865400278518,1.0,0.325750125433456,0.9356302292799076,0.6499999999999999,0.20709796593788607,0.32721952694922163,16.708502024291498
1.9900534205238491,1.3582662041347708,8.343738085179703,3.916318576232519,0.9548358146158352,1.0,0.2068884504865044,4.168464141780747,1.0,0.7679961402293931,0.325750125433456,0.9356302292799076,0.6499999999999999,0.20709796593788607,0.4344144741397613,10.97357766886853
1.9900534205238491,1.3582662041347708,8.343738085179703,3.916318576232519,0.9548358146158352,1.0,4.142489598974142,1.0,1.0,0.2,0.325750125433456,0.9356302292799076,0.6499999999999999,0.206523465157812,1.3990580924506728,0.6320051139995739
1.9900534205238491,1.3582662041347708,8.343738085179703,3.916318576232519,0.9548358146158352,1.5121813076869297,2.2702225324915286,1.0,2.7240544742411705,0.9890550759458836,0.325750125433456,0.9356302292799076,0.6499999999999999,0.206523465157812,1.2024927122932634,1.0596633283613894
1.9900534205238491,1.3582662041347708,8.343738085179703,3.916318576232519,0.9548358146158352,1.110034390267177,0.562817320227602,6.230753254812444,2.756925546358538,0.5000122666906639,0.325750125433456,0.9356302292799076,0.6499999999999999,0.7802634276019599,0.7191548409787002,3.705518857873429
1.9900534205238491,1.3582662041347708,8.343738085179703,3.916318576232519,0.9548358146158352,1.0,1.4546362440293947,1.5020624242306915,26.70502765393148,1.0,0.325750125433456,0.9356302292799076,0.6499999999999999,0.21854940082441313,1.0625337120521854,1.5695717025356914
1.9900534205238491,1.3582662041347708,8.343738085179703,3.916318576232519,0.9548358146158352,1.0,1.9930338992243646,4.952782179762027,1.0,1.0,0.325750125433456,0.9356302292799076,0.6499999999999999,0.206523465157812,1.1643636052983832,1.175154485403793
1.9900534205238491,1.3582662041347708,8.343738085179703,3.916318576232519,0.9548358146158352,1.0,0.01,4.133740747969592,19.715357361862388,0.5527701139948697,0.325750125433456,0.9356302292799076,0.6499999999999999,1.3072155384322268,0.4000132841630329,10.642233113147242
1.9900534205238491,1.3582662041347708,8.343738085179703,3.916318576232519,0.9548358146158352,1.0,0.3532189988334684,7.8287254601256375,1.0,0.6812884902364016,0.325750125433456,0.9356302292799076,0.6499999999999999,0.20709796593788607,0.5887895723456346,6.752184103984658
1.9900534205238491,1.3582662041347708,8.343738085179703,3.916318576232519,0.9548358146158352,5.233878292008501,0.01,1.5812525535879236,2.434133364934551,0.2,0.325750125433456,0.9356302292799076,0.6499999999999999,0.9541288546392162,0.3209225424950429,17.373961218836566
1.9900534205238491,1.3582662041347708,8.343738085179703,3.916318576232519,0.9548358146158352,1.0,0.6076555475924736,11.973280790927696,1.0,0.2,0.325750125433456,0.9356302292799076,0.6499999999999999,0.206523465157812,0.7786652837461233,3.76390368634136
1.9900534205238491,1.3582662041347708,8.343738085179703,3.916318576232519,0.9548358146158352,1.0,0.7772987950430337,4.428435733991064,1.0,1.0,0.325750125433456,0.9356302292799076,0.6499999999999999,0.206523465157812,0.8615707593786536,2.8932452588962287
1.9900534205238491,1.3582662041347708,8.343738085179703,3.916318576232519,0.9548358146158352,1.0,3.42512346004516,1.0,1.0,0.6109338548907366,0.325750125433456,0.9356302292799076,0.6499999999999999,0.206523465157812,1.332637473811931,0.743447688046026
1.9900534205238491,1.3582662041347708,8.343738085179703,3.916318576232519,0.9548358146158352,1.0,1.9518007015773124,1.0,10.129637755754473,0.6431660321033547,0.325750125433456,0.9356302292799076,0.6499999999999999,0.206523465157812,1.1587220195830419,1.1983805668016194
1.9900534205238491,1.3582662041347708,8.343738085179703,3.916318576232519,0.9548358146158352,1.0,1.2901777847659552,1.0,6.593238093006899,0.2,0.325750125433456,0.9356302292799076,0.6499999999999999,0.206523465157812,1.0276411386418494,1.7449392712550609
1.9900534205238491,1.3582662041347708,8.343738085179703,3.916318576232519,0.9548358146158352,1.0,2.536588517797508,6.489267092360074,1.0,0.2,0.325750125433456,0.9356302292799076,0.6499999999999999,0.206523465157812,1.2414711281202235,0.9465160877903261
1.9900534205238491,1.3582662041347708,8.343738085179703,3.916318576232519,0.9548358146158352,1.0,2.1211811552705306,13.936891858483293,1.0,0.633409394284545,0.325750125433456,0.9356302292799076,0.6499999999999999,0.206523465157812,1.1841548514808506,1.117195823567015
1.9900534205238491,1.3582662041347708,8.343738085179703,3.916318576232519,0.9548358146158352,1.0,2.7979927142605456,5.169814273494765,12.297389014532182,0.925271901777875,0.325750125433456,0.9356302292799076,0.6499999999999999,0.5654672773298682,1.1872785398016892,0.8220754314937141
1.9900534205238491,1.3582662041347708,8.343738085179703,3.916318576232519,0.9548358146158352,1.2078720308208508,0.01,20.278815310726735,3.859369015348646,0.2,0.325750125433456,0.9356302292799076,0.6499999999999999,1.3281291178872658,0.43132395966347115,7.510121457489879
1.9900534205238491,1.3582662041347708,8.343738085179703,3.916318576232519,0.9548358146158352,1.3266240429347704,3.6501765817751037,1.0,9.775994699795557,0.735517049231047,0.325750125433456,0.9356302292799076,0.6499999999999999,0.206523465157812,1.3547186396030277,0.7021095248242063
1.9900534205238491,1.3582662041347708,8.343738085179703,3.916318576232519,0.9548358146158352,1.2540539160361788,3.0008460833962163,16.384642006785832,2.2942728768505027,0.33925780053758825,0.325750125433456,0.9356302292799076,0.6499999999999999,0.24967411761780778,1.2728677673944513,0.7575111868740678
1.9900534205238491,1.3582662041347708,8.343738085179703,3.916318576232519,0.9548358146158352,1.4998912760238872,1.2538799551118986,1.0,23.664454274422347,1.0,0.325750125433456,0.9356302292799076,0.6499999999999999,0.206523465157812,1.0163072644253661,1.8201576816535265
1.9900534205238491,1.3582662041347708,8.343738085179703,3.916318576232519,0.9548358146158352,1.0,0.3778206652154368,1.0,1.0,0.37092178754002686,0.325750125433456,0.9356302292799076,0.6499999999999999,0.20709796593788607,0.6107142619163901,6.304496057958662
1.9900534205238491,1.3582662041347708,8.343738085179703,3.916318576232519,0.9548358146158352,1.0,2.6272532369375936,24.904523270069788,1.0,0.9087946133272105,0.325750125433456,0.9356302292799076,0.6499999999999999,0.206523465157812,1.251412791943146,0.9192414233965481
1.9900534205238491,1.3582662041347708,8.343738085179703,3.916318576232519,0.9548358146158352,1.0,2.0575167633266935,2.056993994316654,10.342619612096144,0.6935012703756749,0.325750125433456,0.9356302292799076,0.6499999999999999,0.2384743781469641,1.1691120662611894,1.1370125719156192
1.9900534205238491,1.3582662041347708,8.343738085179703,3.916318576232519,0.9548358146158352,1.0,2.464937363347424,4.551452537226279,1.0,0.2,0.325750125433456,0.9356302292799076,0.6499999999999999,0.206523465157812,1.2295475227776178,0.9735776688685277
1.9900534205238491,1.3582662041347708,8.343738085179703,3.916318576232519,0.9548358146158352,1.0,2.8327995753865327,4.115989973726126,1.0,0.2283273573055677,0.325750125433456,0.9356302292799076,0.6499999999999999,0.206523465157812,1.2753726204989269,0.8653313445557214
1.9900534205238491,1.3582662041347708,8.343738085179703,3.916318576232519,0.9548358146158352,1.0,0.2953042143238196,30.0,1.0,0.6344579374317628,0.325750125433456,0.9356302292799076,0.6499999999999999,0.20709796593788607,0.5316355062713315,8.040059663328362
1.9900534205238491,1.3582662041347708,8.343738085179703,3.916318576232519,0.9548358146158352,1.0,1.3833338140994567,5.707254444837996,1.0,0.2,0.325750125433456,0.9356302292799076,0.6499999999999999,0.206523465157812,1.0473941853344546,1.643511613040699
1.9900534205238491,1.3582662041347708,8.343738085179703,3.916318576232519,0.9548358146158352,1.0,0.9033778146726341,17.58213695649312,1.0,1.0,0.325750125433456,0.9356302292799076,0.6499999999999999,0.206523465157812,0.9101787069879118,2.4811421265714895
1.9900534205238491,1.3582662041347708,8.343738085179703,3.916318576232519,0.9548358146158352,1.0,0.5466959731394994,10.037357690398824,1.0,0.9847800324536204,0.325750125433456,0.9356302292799076,0.6499999999999999,0.206523465157812,0.7412490756426108,4.225229064564245
1.9900534205238491,1.3582662041347708,8.343738085179703,3.916318576232519,0.9548358146158352,1.0,0.3719452158963603,1.4144209530621699,12.107069588394038,0.3790842770907653,0.325750125433456,0.9356302292799076,0.6499999999999999,0.3145838308398456,0.6035512930408871,6.4029405497549545
1.9900534205238491,1.3582662041347708,8.343738085179703,3.916318576232519,0.9548358146158352,10.0,0.01,12.559756217430955,2.3466371673672306,0.2,0.325750125433456,0.9356302292799076,0.6499999999999999,1.2602642096094743,0.36689514647561067,12.678670360110804
1.9900534205238491,1.3582662041347708,8.343738085179703,3.916318576232519,0.9548358146158352,1.193137658438884,0.5478156191641241,1.0,1.261945351044964,0.47077109689485885,0.325750125433456,0.9356302292799076,0.6499999999999999,0.206523465157812,0.7415120180270323,4.219475815043682
1.9900534205238491,1.3582662041347708,8.343738085179703,3.916318576232519,0.9548358146158352,1.0,4.063647835265577,1.0,1.0,0.24420745877102745,0.325750125433456,0.9356302292799076,0.6499999999999999,0.206523465157812,1.392931277903454,0.6432985297251226
1.9900534205238491,1.3582662041347708,8.343738085179703,3.916318576232519,0.9548358146158352,1.0,1.0373304691411638,13.730860572798592,2.3306560818670143,0.6728854312289687,0.325750125433456,0.9356302292799076,0.6499999999999999,0.4294874660421081,0.9369353818087973,2.0892819092265076
1.9900534205238491,1.3582662041347708,8.343738085179703,3.916318576232519,0.9548358146158352,1.0,0.01,30.0,4.419985802803298,0.2,0.325750125433456,0.9356302292799076,0.6499999999999999,1.3140703790883084,0.46492220569134207,6.346899637758364
1.9900534205238491,1.3582662041347708,8.343738085179703,3.916318576232519,0.9548358146158352,1.0,0.29062851085301344,6.033980730726794,1.0,1.0,0.325750125433456,0.9356302292799076,0.6499999999999999,0.20709796593788607,0.5257359172718153,8.192840400596634
1.9900534205238491,1.3582662041347708,8.343738085179703,3.916318576232519,0.9548358146158352,1.0,1.0650620571437837,1.0,1.0,0.5149696096372184,0.325750125433456,0.9356302292799076,0.6499999999999999,0.206523465157812,0.9629207265221412,2.103771574685702
1.9900534205238491,1.3582662041347708,8.343738085179703,3.916318576232519,0.9548358146158352,1.0124935726329822,0.6048161885738819,2.887265351746236,1.0,0.2,0.325750125433456,0.9356302292799076,0.6499999999999999,0.206523465157812,0.7767855064342746,3.7811634349030476
1.9900534205238491,1.3582662041347708,8.343738085179703,3.916318576232519,0.9548358146158352,1.0,1.4189289119948605,1.0,15.39234343891661,1.0,0.325750125433456,0.9356302292799076,0.6499999999999999,0.206523465157812,1.0558310460680513,1.6051566162369488
1.9900534205238491,1.3582662041347708,8.343738085179703,3.916318576232519,0.9548358146158352,1.0,3.902538000856594,1.0,19.0495952947808,0.2607557214715409,0.325750125433456,0.9356302292799076,0.6499999999999999,0.206523465157812,1.3809444795390984,0.6633283613893033
1.9900534205238491,1.3582662041347708,8.343738085179703,3.916318576232519,0.9548358146158352,1.0,0.01,30.0,2.875981517112148,0.2,0.325750125433456,0.9356302292799076,0.6499999999999999,1.309728312816023,0.3784611863804698,10.705731941189006
1.9900534205238491,1.3582662041347708,8.343738085179703,3.916318576232519,0.9548358146158352,2.7545872152656536,0.505716503338566,2.5679983394489216,4.133403548594959,0.5368552052056732,0.325750125433456,0.9356302292799076,0.6499999999999999,0.9832996353854321,0.6537346410720148,4.595994033667164
1.9900534205238491,1.3582662041347708,8.343738085179703,3.916318576232519,0.9548358146158352,1.0,0.16961954539314655,12.556841221479653,1.0,1.0,0.325750125433456,0.9356302292799076,0.6499999999999999,0.20709796593788607,0.39107246506609294,12.718303856808012
1.9900534205238491,1.3582662041347708,8.343738085179703,3.916318576232519,0.9548358146158352,1.3401390427281,0.34238612158551607,6.353251663481494,1.0,0.9337427962851697,0.325750125433456,0.9356302292799076,0.6499999999999999,0.20709796593788607,0.57770185047843,6.976347751971022
1.9900534205238491,1.3582662041347708,8.343738085179703,3.916318576232519,0.9548358146158352,1.0,4.255921377008569,8.031998408495081,1.0,0.5374817014150854,0.325750125433456,0.9356302292799076,0.6499999999999999,0.206523465157812,1.4098343531898523,0.6175154485403793
1.9900534205238491,1.3582662041347708,8.343738085179703,3.916318576232519,0.9548358146158352,1.785671066189586,1.6232804697575267,9.064355280411515,1.8737149820049472,0.2,0.325750125433456,0.9356302292799076,0.6499999999999999,0.45379272462458353,1.0273197881065252,1.1849563179203069
1.9900534205238491,1.3582662041347708,8.343738085179703,3.916318576232519,0.9548358146158352,1.8372342183168084,0.28278041386290587,1.0,19.765747378933977,0.7271417577302017,0.325750125433456,0.9356302292799076,0.6499999999999999,0.20709796593788607,0.5022296632570122,8.957170253569146
1.9900534205238491,1.3582662041347708,8.343738085179703,3.916318576232519,0.9548358146158352,1.0,1.3798329943037861,5.619730715790245,1.3529830836641952,1.0,0.325750125433456,0.9356302292799076,0.6499999999999999,0.206523465157812,1.0467910362720747,1.6475601960366506
1.9900534205238491,1.3582662041347708,8.343738085179703,3.916318576232519,0.9548358146158352,3.4681132708633,0.01,6.13679551423656,2.3378424298500757,1.0,0.325750125433456,0.9356302292799076,0.6499999999999999,1.1208228524078008,0.3281243672841933,16.598764116769658
1.9900534205238491,1.3582662041347708,8.343738085179703,3.916318576232519,0.9548358146158352,1.0,0.5871585432522108,1.0,14.672308732769492,1.0,0.325750125433456,0.9356302292799076,0.6499999999999999,0.206523465157812,0.7675218769727089,3.902194758150437
1.9900534205238491,1.3582662041347708,8.343738085179703,3.916318576232519,0.9548358146158352,1.0,1.4913363095215804,1.0,5.229270704495749,1.0,0.325750125433456,0.9356302292799076,0.6499999999999999,0.206523465157812,1.071915809442243,1.5286597059450246
1.9900534205238491,1.3582662041347708,8.343738085179703,3.916318576232519,0.9548358146158352,1.0,2.060556233462454,11.46997462565805,1.0,0.4622632212930353,0.325750125433456,0.9356302292799076,0.6499999999999999,0.206523465157812,1.1751223206173127,1.1436181546984872
1.9900534205238491,1.3582662041347708,8.343738085179703,3.916318576232519,0.9548358146158352,1.0335592468398058,2.399068469323212,1.0,4.292012386629298,1.0,0.325750125433456,0.9356302292799076,0.6499999999999999,0.206523465157812,1.2203523625463766,0.9963775836352015
1.9900534205238491,1.3582662041347708,8.343738085179703,3.916318576232519,0.9548358146158352,1.0,4.602773724577622,1.0,1.0,0.8845786468730994,0.325750125433456,0.9356302292799076,0.6499999999999999,0.206523465157812,1.4373724072846252,0.5744726187939485
