density_radius_cee,min_density_cee,outlier_distance_cee,seeding_distance_cee,w_z_cee,R1_ee,R2_ee,R3_ee
5.585116864129148,0.01,17.935574888178646,1.0,1.0,0.08655113026200927,0.03401983235445874,473.28437499999995
1.415440664883952,0.01,5.4695761065449595,1.0,0.6730923827707139,4.277188258761855,0.044846473727991595,430.74062499999997
1.7859517468188408,0.01,13.81251044606471,2.5889677625846828,0.7915102800095495,5.8197405207361195,0.19352826690478298,216.87812499999998
2.980421038540627,0.01,6.2263518992005515,1.0,0.4700668598930978,4.534904700906275,0.046455058193729686,424.996875
3.472699149350307,0.33790434560752824,15.651727255582761,1.0,1.0,0.054210542860993596,0.7897482795774057,161.93437500000002
6.0,0.01,8.210756579288505,1.0,1.0,0.08655113026200927,0.034008550764870235,473.29999999999995
3.256410547399036,0.01,20.0,1.0,1.0,0.08655113026200927,0.03425776004080279,472.68749999999994
4.148096659327695,0.01,20.0,1.0,1.0,0.08655113026200927,0.03414614739658001,472.98749999999995
5.703262109575453,0.01,14.065058045545753,1.0,0.932813572106852,1.1303570841254589,0.03542418615594166,457.2375
6.0,0.01,20.0,1.0,1.0,0.08655113026200927,0.034008550764870235,473.29999999999995
1.0,0.01,11.17149201593028,1.0,0.809158178481334,2.9284567810893756,0.04108943134316187,440.35624999999993
1.0,0.01,16.26387875327347,3.10003818259161,0.9801130736153625,5.775760185751226,0.21465537609292065,194.74374999999998
6.0,0.01,3.0,1.0,1.0,0.08655113026200927,0.034008550764870235,473.29999999999995
1.0,0.028317325351762866,8.752205944511587,1.0,1.0,0.08655113026200927,0.12082268529648325,379.04062500000003
5.548191779955415,0.01,15.927329164157946,1.0,1.0,0.08655113026200927,0.03401983235445874,473.28437499999995
4.285361465516294,0.01,20.0,1.0,0.6356848917400109,4.307506110857268,0.044481339352612954,431.846875
1.0,0.01,17.620279144995507,3.195035997091301,0.4,5.650575762147468,0.2941807177884706,104.06249999999999
4.341962698822013,0.01,20.0,1.0420216969844236,0.794748261762209,3.169082013959283,0.04178234669333852,439.646875
1.0,0.43143930907349615,8.443215140668825,1.3042897111664744,1.0,0.09245440432343295,1.3823023489535315,31.140625
1.7904647524088455,0.01,6.117886440509938,1.0,1.0,0.08655113026200927,0.03478249527116431,471.25
4.064477523173375,0.01,12.924871471694605,1.0,1.0,0.08655113026200927,0.034147507879968744,472.98437499999994
6.0,0.01,3.0,1.0,1.0,0.08655113026200927,0.034008550764870235,473.29999999999995
1.2252157489096152,0.01,3.0,19.09964999986704,0.6750615077914204,5.793715472272897,0.2436456387978942,155.25312499999998
6.0,0.38011960232772524,3.0395793847843553,1.0,1.0,0.07967568540507844,0.31389750028227675,343.87812499999995
5.66296774109765,0.01,11.351088866440033,1.0,1.0,0.08655113026200927,0.034016099076000755,473.290625
2.1951820794116115,0.11862519866444088,4.812223743318992,20.0,0.4,3.24342930013726,0.5155514958605965,7.374999999999999
4.293779013013086,0.22048071508501765,3.2955949950808865,1.0,0.6777585196750652,4.015328266018681,0.3345309526562408,293.00625
1.0,0.01,9.689057357288185,1.0,1.0,0.08655113026200927,0.03494280447771563,470.82187500000003
3.7808383739293157,0.01,4.225578553283301,2.0157978006935338,0.7038320124785639,5.728958181954971,0.12995604134256342,293.51875
6.0,0.01,3.0,1.0,0.47195916258997994,4.513657101167873,0.04593227539362339,426.228125
4.73169585509894,0.01,4.7277598137860455,1.0,0.8412250529955774,2.7558217032028907,0.03927118916746612,444.603125
6.0,1.5266051343548461,17.415235780694136,1.0,1.0,0.07967568540507844,0.5846283060198387,249.4625
6.0,0.01,20.0,1.0,1.0,0.08655113026200927,0.034008550764870235,473.29999999999995
3.0589808309372364,0.01,9.60232732020635,1.0,1.0,0.08655113026200927,0.03435570897675302,472.42499999999995
1.7718602678983224,0.025915233996276196,17.179270233486605,1.7574748292985893,1.0,5.518479129980878,0.1362768331957723,313.484375
3.1303243234132614,0.5477253349078187,3.0,1.0,1.0,0.005533319678002501,1.0879459727596985,96.25625
1.3104092202853352,0.01,3.0,1.0,0.7267982647055236,3.245733779973694,0.04280285514388439,437.05937500000005
1.0,2.151157889590867,3.0,1.0,0.4,0.0,1.9532990829986308,6.034375
6.0,0.01,5.9788153812143605,1.0,1.0,0.08655113026200927,0.034008550764870235,473.29999999999995
2.578844427199537,0.45855740090981345,20.0,1.0,1.0,0.005533319678002501,1.1832722854627362,76.2125
5.913703674722576,0.01,4.2718355435638,1.0,0.728465965642644,3.2336741678789904,0.04194279564220638,439.40625000000006
2.1625503302407445,0.08065614349696407,11.358121614900423,1.0,0.7315331897940712,2.8909565095526992,0.3957521675345377,229.4375
1.082498128783971,1.4126748024335543,20.0,1.0,0.8023055639921925,0.0,1.9216389564017422,24.0125
4.780251321598023,0.01,9.488119823681378,1.0,0.7174520476808441,4.222491527160681,0.043591704327255655,434.25624999999997
2.3471548043998016,0.01,20.0,4.477767850735417,0.6760475824905208,5.22806308938716,0.3534584585422049,63.159375
1.7780602845563727,0.09729712878153529,18.864416617462794,1.0,0.8517312473159906,1.9149096428361219,0.5961532844643412,156.4375
6.0,0.01,11.510031950662807,1.0,1.0,0.08655113026200927,0.034008550764870235,473.29999999999995
4.456397191269149,0.01,16.082594633299898,1.0,1.0,0.08655113026200927,0.0340839814792961,473.11875
6.0,0.01,20.0,1.0,1.0,0.08655113026200927,0.034008550764870235,473.29999999999995
6.0,0.01,20.0,1.0,1.0,0.08655113026200927,0.034008550764870235,473.29999999999995
6.0,0.01,7.687429074646528,1.0,1.0,0.08655113026200927,0.034008550764870235,473.29999999999995
5.44440895465174,0.01,14.022452366498857,1.0,1.0,0.08655113026200927,0.03402479808819207,473.271875
1.0,0.01,20.0,1.0,0.7243925584097678,3.24943635521203,0.04293639800188163,436.75624999999997
1.0,0.10996518580019343,20.0,1.0,0.5475488208007125,2.619050780961607,0.7519338676474948,101.8
1.0,1.9481839519049509,3.0,20.0,0.7704006484691149,0.14366498019692836,1.2436946199971075,0.484375
3.1167229755918378,0.01,12.902137642711248,1.0,0.8609315762877122,2.6753058966161793,0.039270277146745046,445.4625
1.9900534205238491,1.3582662041347708,8.343738085179703,3.916318576232519,0.9548358146158352,0.325750125433456,0.9356302292799076,0.6499999999999999
5.403478954317756,0.2596706005399479,9.118521769761372,1.0,1.0,0.07967568540507844,0.29212191098375806,349.45
1.0,0.01,11.672661165910661,3.884778807068857,0.4,5.446180285811943,0.3246151467025746,68.85624999999999
6.0,0.01,20.0,1.0,1.0,0.08655113026200927,0.034008550764870235,473.29999999999995
2.400652903131241,0.01,3.0,1.0,0.9037985312686893,1.3948318294807425,0.03671916128406147,452.028125
3.8030080806323445,0.01,6.23218325895089,1.0,0.7102259083824111,4.2248589933823615,0.04373389203314474,433.790625
4.7268664409842005,0.01,13.74349900487358,1.0,1.0,0.08655113026200927,0.034075868929064494,473.134375
4.846048205462394,0.01,7.204518279019204,1.0,1.0,0.08655113026200927,0.034062378300478646,473.16874999999993
1.0,0.05946569440294752,8.248384105588991,1.5808213975140202,0.7453599063619197,4.857808819420765,0.40040572416604153,177.39374999999998
2.726299958717009,0.01,20.0,1.0,1.0,0.08655113026200927,0.03444273582577071,472.22499999999997
1.0,0.09398296192016707,20.0,1.0,0.7258069771806297,2.3331457636627233,0.6652673240632252,123.684375
4.396200737355958,0.01,15.855615014200705,1.0,1.0,0.08655113026200927,0.03410590301872038,473.07812499999994
2.650549699567416,0.5116598328644327,7.40076889853631,1.0,1.0,0.005533319678002501,1.200277499282744,75.2
1.2869547331167217,0.01,15.266282054587077,1.0,0.48414719275751783,4.489388751269241,0.046517301490590794,426.72187499999995
1.0,1.8342069736329736,3.0,5.703272385543629,0.4,0.19756146119538048,1.0470984711398355,0.13125
1.0,0.01,3.0,1.0,1.0,0.08655113026200927,0.03494280447771563,470.82187500000003
6.0,0.03195938861360239,3.0,1.0,0.9679062569655505,0.5924374673995174,0.04528975083533107,453.54687499999994
1.3717917166218205,0.01,20.0,4.670332144962975,0.4300138743545792,5.132409895938035,0.3721375214989944,47.690625
5.549855486812473,0.01,10.229025056608233,1.0,0.8317438253287133,2.7922353392371173,0.03941345209366133,444.053125
2.9854829788090718,0.01,3.0,1.0,1.0,0.08655113026200927,0.03436052814792608,472.39062499999994
2.889724325161068,0.01,20.0,1.0,1.0,0.08655113026200927,0.03438297379284608,472.35625
1.0,1.0932581052658665,16.66706315262652,1.0,0.6655429458750581,0.0047794445282673195,1.7385979119019985,24.021875
1.0,0.01,3.0,4.083349347886211,0.8158286062383198,5.805639198662762,0.22348919944220336,176.82187499999998
1.0,0.01,3.0,1.5295052020743447,0.6915748814487277,5.412560090195471,0.06931921520791273,375.14687499999997
6.0,0.01,20.0,1.0,0.8566952491521761,2.689108175031184,0.03902968799397549,445.859375
1.0,0.011226223557299034,3.0,20.0,0.4,5.714147313718588,0.2828324113971593,115.82812499999999
2.185300104176598,0.01,7.185783309818531,1.0,1.0,0.08655113026200927,0.03460343274221355,471.796875
6.0,0.01,19.08206859035267,1.0,1.0,0.08655113026200927,0.034008550764870235,473.29999999999995
4.131172845840053,0.01,14.030140570447223,1.0,1.0,0.08655113026200927,0.03414614739658001,472.98749999999995
1.0,0.01,20.0,1.0,0.8448495517191904,2.743985199150248,0.04003579606218724,442.50625
5.3209206322244444,0.01,10.651433717746418,1.0,0.9069507512048548,1.3759648444512649,0.03616072032362469,453.69374999999997
1.0,0.01,3.0,1.0,1.0,0.08655113026200927,0.03494280447771563,470.82187500000003
6.0,0.01,20.0,1.0,0.5918887153146762,4.388257028185639,0.04480856960769358,431.0125
1.0,0.01,3.0,1.0,0.8182271289191357,2.858133513093297,0.040720735021500636,440.8875
5.66417778512046,0.01,3.0,1.2516722709472763,0.4,5.464690416918627,0.06999233673544622,370.603125
3.752556672553462,0.01,12.389320246637235,1.0,1.0,0.08655113026200927,0.034180211921134386,472.90937499999995
5.271254022675222,0.15052565975248866,4.829406220957141,2.003901883703091,1.0,5.614009948924169,0.26177595426011524,272.821875
2.989393834900034,0.01,3.0,1.0,1.0,0.08655113026200927,0.03436052814792608,472.39062499999994
2.4143570316753413,0.01,19.606196701590317,1.0,1.0,0.08655113026200927,0.034578730518596223,471.875
1.0,0.01,20.0,1.0,1.0,0.08655113026200927,0.03494280447771563,470.82187500000003
1.0,0.01,3.7449967083083706,3.1646832516669843,0.4,5.660848355283377,0.2927765625223038,105.759375
1.8133232787260063,0.01,16.44758466875473,1.0,0.7833272984283304,3.0206427272165426,0.041285862051354275,439.675
5.839701463463617,0.2517979368205125,3.0,1.0,0.9258242278225391,1.2038146224877955,0.23887158887817378,358.590625
4.214176345546551,0.5594568246045515,20.0,1.0,1.0,0.0423226411712325,0.7481498825162685,181.959375
