density_radius_che,min_density_che,outlier_distance_che,seeding_distance_che,w_z_che,R1_pi,R2_pi,R3_pi
1.0,1.6346089587193082,19.185539468014582,1.9768544233073377,0.6990743798240981,0.24481133605718391,1.0974272839480108,1.2655018112081826
1.0,3.182186026532064,1.0,9.24884935714527,0.2,0.206523465157812,1.3116288788588784,0.6863413594715535
1.0,0.01,18.582380951298916,2.785577702352514,0.6722559954458651,1.2232023462496113,0.33580318492097505,15.314937140421907
1.0,0.3230247286621126,4.101612072182212,1.0,0.24336441535328698,0.20709796593788607,0.5585898768108071,7.247176646068614
1.0,1.8350483625989393,1.0,1.0,0.5732112680994015,0.206523465157812,1.140081934382002,1.1391434050713831
1.0,0.8811093340750948,18.825499545080614,3.3709773847332896,0.5037906758310613,0.7197744191637663,0.8299812238109102,1.8606435116130406
1.0,2.265931330844876,5.705062410149385,3.2212256215288884,0.4265834085402397,0.383602339639561,1.1123507770725332,0.6516087790326017
1.0,3.2663883720089433,23.281631981830724,1.0,0.5937386033631626,0.206523465157812,1.320494173838633,0.6714255273812061
1.9192137413056782,0.7707747294800479,3.497161113769397,14.834262794948444,0.8878208292894522,0.8246230222989925,0.7895521285357426,2.420839548263371
1.0,0.5354819110442476,2.227331583540621,1.0,0.6171055412189914,0.206523465157812,0.7348311720097545,4.173662902194758
1.0,0.7116069425554944,5.448705216626342,1.0,0.2,0.206523465157812,0.8319366870115393,3.0366503302791394
1.0,2.3712515817613347,1.0,5.082912103030692,1.0,0.206523465157812,1.2164916615596006,0.8947368421052632
1.0,0.2769995277873827,2.900687412380848,1.0,0.2981473656746603,0.20709796593788607,0.5101971591994322,8.431067547411038
1.0,2.7894284347800182,1.0,1.0,0.5280604016658306,0.206523465157812,1.2716760637445303,0.7700831024930749
1.0,0.01,14.703776549105786,4.878186569534991,0.2392764009546745,1.307791134485877,0.4841764664019355,5.803111016407416
2.220303973947028,1.3644193698109124,10.254847012191986,4.616182026431709,0.5013096226780609,0.6894891845737915,0.8661338930130184,0.865757511186874
1.0,2.3189643272422384,30.0,1.181440606072848,0.35298747343216197,0.206523465157812,1.211539157784807,0.9126358406136801
1.1972517786308834,4.5653808612181574,1.0,28.9285608832204,1.0,0.206523465157812,1.4342639809288436,0.5020242914979757
1.0,2.4398163123348424,30.0,1.0,0.34573736121239007,0.206523465157812,1.2253024739279899,0.8708715107607075
1.0,1.6325112809326625,4.688139897073658,15.29748110744849,0.4528893907915186,0.6156870947091905,0.9294239030294603,0.6974216918815258
1.0,0.4150040913078483,1.0,28.106901989132567,0.8453460513475171,0.206523465157812,0.6427558247767592,5.559343703388025
1.0,2.920756649483926,14.507271761187775,2.635096166352774,0.9054545627764206,0.26919311765682286,1.267111389010709,0.7276795226933732
1.1418688414422684,0.6317506643408731,19.835760229816024,6.137253745445504,0.7265385667019477,0.9601075438117223,0.7497184720336963,1.605369699552525
1.0,0.01,21.255521832212402,6.781192908780596,0.2,1.2482763204449479,0.7293301424192437,3.486682292776476
1.0,2.856946909054846,30.0,1.0,0.7844169919831069,0.206523465157812,1.2785660554293672,0.75324952056254
2.927807136330942,0.7927540472202128,5.31768774257645,8.397766651940929,0.6129739779934814,0.921314673889847,0.7499612788729887,1.3809929682505862
1.0,3.2596685358174025,14.581007595229595,1.0,0.895841705911467,0.206523465157812,1.319963379611499,0.672490943959088
1.0,0.01,1.9672808793159255,13.029427974673442,0.4294442497902509,0.8388351305133077,0.3173566386092397,17.717238440230133
2.813960788286061,0.01,8.001889203623207,6.023677165616945,0.2,1.2065418653655304,0.6835350222704815,3.7924568506285956
1.0,1.780203082007189,1.0,30.0,0.4410000982027662,0.206523465157812,1.1301154648026255,1.1749414020882167
3.990928580644259,0.01,4.39517556277147,17.10562298147116,0.31647686979334333,1.1994401072017864,0.628912966799435,6.062433411463883
1.0,0.10493355955351556,3.015477062119562,3.536749112613509,0.38287425712955664,1.292141073640579,0.37272233965719004,11.03196249733646
1.172939117174673,0.01,21.319440868008574,3.7109570518704103,0.7292630494991441,1.2944755193421391,0.3682203791322141,12.801193266567228
1.0,0.1810801065987881,15.00094645756176,1.0,0.8183145438174861,0.20709796593788607,0.4032231983323576,12.025783081184743
1.0,2.4564002708433983,30.0,1.0,0.6777421643108503,0.206523465157812,1.2274123518838267,0.8651182612401449
1.0,0.12521117676910448,20.38680396553089,1.0,0.735047827941147,0.20709796593788607,0.34415773031500263,15.206264649477948
1.0,0.01,17.79716347102397,5.505645114515836,0.2,1.2909910286424553,0.5530985831336963,4.649051779245686
1.0,0.2256275884183041,1.0,1.0,0.5567108032975924,0.20709796593788607,0.45352687182749074,10.12934157255487
1.0,1.6130944545421888,1.0,24.289529316778363,1.0,0.206523465157812,1.098372226715403,1.2946942254421479
1.0,1.3334494789445133,1.0,1.0,0.918247591075553,0.206523465157812,1.0366224815857168,1.5657362028553166
1.7776774028868318,1.917229166880908,30.0,3.1640635279555447,0.2,0.5632926011552764,0.9574179778926836,0.6539526955039421
1.1035910489248213,0.7872449986931611,1.0,2.8072486980032503,0.3005111830765651,0.206523465157812,0.8656469176639134,2.7178776901768598
1.0,2.432728641705803,1.0,1.0,0.2019804223536753,0.206523465157812,1.2243441802847763,0.8732154272320478
1.0,1.0375566125302664,23.949032422204397,1.0,1.0,0.206523465157812,0.9546277232307709,2.0208821649264865
1.0,1.5504864389614552,1.0,9.091045522792626,0.24275770934200744,0.206523465157812,1.0836537923419722,1.350948220754315
1.693133880944405,0.975008349971692,1.0,1.0471936189575959,0.3378332454953158,0.206523465157812,0.924648519821176,2.276155976987002
1.0,2.5968237298656733,1.0,30.0,0.2,0.206523465157812,1.2483355598016384,0.8180268484977626
1.0,3.8000220703990664,15.405200735810588,1.0,0.717618584091965,0.206523465157812,1.371822935861011,0.5902407841466014
10.0,0.01,21.88130741323069,2.748611812885053,0.2,1.2931905870845362,0.42349528444617635,10.104836991263584
1.0,0.25504996944683,5.304090182670598,1.0,0.2,0.20709796593788607,0.4860571678467877,9.098870658427446
1.2897023081752406,0.26345650871914117,2.8291771725627015,1.0,0.29921130391207684,0.20709796593788607,0.49510082985655685,8.847219262731729
1.0,2.7282401042190263,1.0,25.091453860122048,0.95373238695177,0.206523465157812,1.2636590035342774,0.7832942680588111
1.0,1.1962865370964393,1.0,1.0,0.24022143003835872,0.206523465157812,1.0035487207382603,1.7362028553164288
1.0,2.350557948162703,18.067960064372265,1.0,0.44737674512860237,0.206523465157812,1.2146497205912803,0.9021947581504369
1.0,0.6868585844155528,30.0,1.0,1.0,0.206523465157812,0.8206020091994565,3.155976987001918
1.0,1.1812654398120916,1.0,1.0937127703699456,1.0,0.206523465157812,0.9982269263079847,1.762412103132325
1.0,1.6954509029353007,1.0,17.826273673206188,0.5115492952403832,0.206523465157812,1.1131744219635973,1.2331131472405712
1.6867541835005975,0.01,4.557094651870434,12.515481717312337,0.3377280589418716,1.3050549080582967,0.4484235088380896,7.240571063285745
2.144857649250877,0.01,7.0779756040286035,9.437834982384604,0.5346073510157283,1.2779454886741954,0.6504010701332442,4.779671851694013
1.0,0.4440531983481031,24.151277143009704,1.0,0.37593422023889045,0.206523465157812,0.6673368971335335,5.151502237374814
1.0,1.5662861843034235,1.0,14.524310940669892,0.2,0.206523465157812,1.0877657627613087,1.3351800554016622
10.0,0.01,24.899519980298457,2.4323755876488433,0.2,1.2762570597047271,0.37799010038783154,11.954826337097806
3.3336563031465323,0.10078791700301792,10.010707122623112,6.991672416101782,1.0,1.261849222542465,0.6169990984472197,5.833368847219264
1.0,4.228034200784373,28.600761187845983,1.0,1.0,0.206523465157812,1.4074729284352565,0.5410185382484552
1.0,3.7108348370907605,22.284819227643702,1.0,0.90006193431456,0.206523465157812,1.3615751095577804,0.6032388663967612
1.0404632632275195,2.3254801033931813,1.0,1.0,0.5313291464384281,0.206523465157812,1.2118224467686871,0.9113573407202217
9.482074224878659,0.19555179652616217,1.0,6.132699070597248,0.5943425955103139,0.20709796593788607,0.32546767490621337,17.627530364372472
1.0,0.6759225963737994,1.0,21.72375272825158,0.2538012331921464,0.206523465157812,0.8158649749698218,3.2088216492648627
1.0,1.877213729212614,1.0,2.5919299425453484,0.2,0.206523465157812,1.145570963558792,1.119965906669508
1.0,2.5722134357096382,4.883910912531006,4.100483664514794,0.24268497059697658,0.482924014436862,1.0315054664432632,0.4444917962923503
1.0,0.48675612858873696,1.0,12.458062239583466,0.5356535890726258,0.206523465157812,0.6997117251494724,4.662689111442575
1.0,1.277986826887405,1.0,15.803743256949593,0.2,0.206523465157812,1.0246183225527192,1.6285957809503517
1.0,1.2149066247224969,1.0,6.731918027427801,1.0,0.206523465157812,1.0079931098447923,1.7119113573407205
1.069228183200783,0.12460052095934963,10.193177120946293,3.5116869833254087,0.2060429833936693,1.3190529264207587,0.4266536622942347,6.934370338802472
1.0,1.9997143435046771,13.717736138867041,1.0,0.2,0.206523465157812,1.1661693945012537,1.0530577455785213
1.0,3.1708541305916196,1.0,14.331211293169218,0.2,0.206523465157812,1.3108067503408503,0.688259109311741
1.0,1.2488879068488399,1.0,3.8948010284470067,0.2,0.206523465157812,1.016963622312796,1.6673769443852549
1.9686379814045218,0.936723386157508,1.0,1.0,0.6323442219571102,0.20709796593788607,0.9031060643750639,2.5045812912848926
1.0,2.071762400040301,1.0,17.067868165987306,0.3355779524253306,0.206523465157812,1.1773895127664336,1.0210952482420628
1.0,3.2336108146926064,30.0,1.0,0.6655029417857965,0.206523465157812,1.3171824377696097,0.6776049435329214
1.549617292407762,0.07153545137333861,3.357640213693827,1.0,0.33622856281465674,0.20709796593788607,0.3141367821233688,18.10334540805455
1.0,2.5896058883429203,1.0,6.916357420473104,0.6198007886554917,0.206523465157812,1.2479441634881279,0.8197315150223738
1.0,1.0507023984149801,1.0,1.0,0.262680414255243,0.206523465157812,0.958738917762915,1.9963775836352016
1.0,1.4385915712298774,1.0,1.0,0.2817599953488914,0.206523465157812,1.0599602065529492,1.4566375452802047
1.0,1.7169952633810244,21.172425110531112,1.0,1.0,0.206523465157812,1.1175471733334559,1.2203281483059878
1.0217616380170667,0.01,12.525273469386166,5.758374569967681,0.24062422040266357,1.2892854039343804,0.5676444778361026,4.674621777114852
1.0,2.9217457936751234,1.0,1.0,1.0,0.206523465157812,1.2860291457217266,0.7383336884721926
1.5901840956557256,2.967950128185195,10.608236363223895,1.0,0.34726525784591866,0.206523465157812,1.2884867057483005,0.7336458555295121
1.0,4.469680934570211,30.0,1.0,0.2,0.206523465157812,1.4276952264187648,0.5143831238014064
1.0,1.9467315663897082,1.0,11.751033789937239,0.24398982836651503,0.206523465157812,1.1572467659902412,1.081823993181334
1.0,2.210005077174454,17.00364521022984,1.0,0.7222201669417566,0.206523465157812,1.1968783712616613,0.9597272533560622
1.0,0.39919686074793514,1.0,1.3350793605490234,0.6438293110812314,0.206523465157812,0.6294465469398751,5.813978265501811
1.0,0.28440695171247987,1.0,1.0,0.2,0.20709796593788607,0.5200231475465027,8.184103984658002
1.0,0.8249970752423786,1.0,1.0,0.2,0.206523465157812,0.8804871575960331,2.5874707010441087
1.0,0.3242077346414812,18.44159500571381,1.0,0.4201000638844169,0.20709796593788607,0.5589075749195201,7.239505646707864
1.0,0.7898112034923411,1.0,30.0,0.5065542968487291,0.206523465157812,0.8667941875651807,2.707862774344769
1.1758938244896335,2.22714999115364,1.0,5.9272238638791634,0.7669009437839733,0.206523465157812,1.1991763655683114,0.9512039207330067
1.0,1.6272853977082067,1.0,1.0,0.6940862180376476,0.206523465157812,1.1016794599840822,1.2829746430854465
8.335634525829594,0.2764984106028023,3.137457063766631,1.0,0.2,0.20709796593788607,0.33174741280891507,17.506925207756233
1.0,4.32838344302484,10.337980296891066,1.0,1.0,0.206523465157812,1.4164257317350677,0.5280204559982954
